,sleepSummaryId,calendarDate,timezoneOffsetInMs,unixTimestampInMs,isoDate,durationInMs,unmeasurableSleepDurationInMs,deepSleepDurationInMs,lightSleepDurationInMs,remSleepDurationInMs,awakeDurationInMs,overallSleepQualifier,overallSleepScore,validation
0,x35bda69-64adbe98-6ae0,2023-07-12,7200000,1689108120000,2023-07-11 22:42:00,27360000,0,4500000,19140000,3720000,0,,-1,ENHANCED_TENTATIVE
1,x35bda69-64af1fcc-6324,2023-07-13,7200000,1689198540000,2023-07-12 23:49:00,25380000,0,6420000,14100000,4860000,120000,,-1,ENHANCED_FINAL
2,x35bda69-64b07d04-576c,2023-07-14,7200000,1689287940000,2023-07-14 00:39:00,22380000,0,3720000,12060000,6600000,60000,,-1,ENHANCED_FINAL
3,x35bda69-64b1cb78-5eec,2023-07-15,7200000,1689373560000,2023-07-15 00:26:00,24300000,0,4320000,15840000,4140000,1140000,,-1,ENHANCED_FINAL
4,x35bda69-64b302f4-7170,2023-07-16,7200000,1689453300000,2023-07-15 22:35:00,29040000,0,3720000,19680000,5640000,900000,,-1,ENHANCED_FINAL
5,x35bda69-64b45e10-6b1c,2023-07-17,7200000,1689542160000,2023-07-16 23:16:00,27420000,0,7200000,14640000,5580000,60000,,-1,ENHANCED_FINAL
6,x35bda69-64b5a900-7170,2023-07-18,7200000,1689626880000,2023-07-17 22:48:00,29040000,0,5280000,17160000,5940000,120000,,-1,ENHANCED_TENTATIVE
7,x35bda69-64b83bd4-783c,2023-07-20,7200000,1689795540000,2023-07-19 21:39:00,30780000,0,0,22440000,8340000,600000,,-1,ENHANCED_FINAL
8,x35bda69-64b99768-7170,2023-07-21,7200000,1689884520000,2023-07-20 22:22:00,29040000,0,1560000,16920000,10560000,120000,,-1,ENHANCED_FINAL
9,x35bda69-64baf5cc-6414,2023-07-22,7200000,1689974220000,2023-07-21 23:17:00,25620000,0,3840000,15300000,6480000,240000,,-1,ENHANCED_FINAL
10,x35bda69-64bc4260-7314,2023-07-23,7200000,1690059360000,2023-07-22 22:56:00,29460000,0,2280000,17160000,10020000,60000,,-1,ENHANCED_FINAL
11,x35bda69-64bd950c-6bd0,2023-07-24,7200000,1690146060000,2023-07-23 23:01:00,27600000,0,3240000,16500000,7860000,60000,,-1,ENHANCED_TENTATIVE
12,x35bda69-64bef064-5d84,2023-07-25,7200000,1690234980000,2023-07-24 23:43:00,23940000,0,2940000,13680000,7320000,120000,,-1,ENHANCED_FINAL
13,x35bda69-64c0371c-69f0,2023-07-26,7200000,1690318620000,2023-07-25 22:57:00,27120000,0,5400000,10800000,10920000,120000,,-1,ENHANCED_FINAL
14,x35bda69-64c18d10-6a68,2023-07-27,7200000,1690406160000,2023-07-26 23:16:00,27240000,0,6180000,18240000,2820000,180000,,-1,ENHANCED_TENTATIVE
15,x35bda69-64c2e8e0-6270,2023-07-28,7200000,1690495200000,2023-07-28 00:00:00,25200000,0,5520000,15840000,3840000,120000,,-1,ENHANCED_TENTATIVE
16,x35bda69-64c4313c-7080,2023-07-29,7200000,1690579260000,2023-07-28 23:21:00,28800000,0,4680000,14820000,9300000,60000,,-1,ENHANCED_FINAL
17,x35bda69-64c57c68-7620,2023-07-30,7200000,1690664040000,2023-07-29 22:54:00,30240000,0,600000,18540000,11100000,240000,,-1,ENHANCED_FINAL
18,x35bda69-64c6ce60-6888,2023-07-31,7200000,1690750560000,2023-07-30 22:56:00,26760000,0,3240000,15420000,8100000,300000,,-1,ENHANCED_TENTATIVE
19,x35bda69-64c82ae4-729c,2023-08-01,7200000,1690839780000,2023-07-31 23:43:00,29340000,0,3780000,17280000,8280000,0,,-1,ENHANCED_TENTATIVE
20,x35bda69-64c97ac0-6a2c,2023-08-02,7200000,1690925760000,2023-08-01 23:36:00,27180000,0,2520000,18120000,6540000,0,,-1,ENHANCED_FINAL
21,x35bda69-64cac6a0-6450,2023-08-03,7200000,1691010720000,2023-08-02 23:12:00,25680000,0,2820000,17040000,5820000,300000,,-1,ENHANCED_FINAL
22,x35bda69-64cc1fdc-6810,2023-08-04,7200000,1691099100000,2023-08-03 23:45:00,26640000,0,5040000,15480000,6120000,240000,,-1,ENHANCED_TENTATIVE
23,x35bda69-64cd73b4-68c4,2023-08-05,7200000,1691186100000,2023-08-04 23:55:00,26820000,0,4080000,16380000,6360000,180000,,-1,ENHANCED_FINAL
24,x35bda69-64ceb9b8-6e64,2023-08-06,7200000,1691269560000,2023-08-05 23:06:00,28260000,0,2100000,17640000,8520000,120000,,-1,ENHANCED_FINAL
25,x35bda69-64d00f70-6f90,2023-08-07,7200000,1691357040000,2023-08-06 23:24:00,28560000,0,2040000,19140000,7380000,0,,-1,ENHANCED_FINAL
26,x35bda69-64d159ac-76d4,2023-08-08,7200000,1691441580000,2023-08-07 22:53:00,30420000,0,1200000,25500000,3720000,180000,,-1,ENHANCED_FINAL
27,x35bda69-64d2b66c-6d38,2023-08-09,7200000,1691530860000,2023-08-08 23:41:00,27960000,0,5340000,17040000,5580000,300000,,-1,ENHANCED_FINAL
28,x35bda69-64d40684-76d4,2023-08-10,7200000,1691616900000,2023-08-09 23:35:00,30420000,0,5640000,16860000,7920000,60000,,-1,ENHANCED_FINAL
29,x35bda69-64d5587c-6edc,2023-08-11,7200000,1691703420000,2023-08-10 23:37:00,28380000,0,2280000,18060000,8040000,180000,,-1,ENHANCED_FINAL
30,x35bda69-64d6b3d4-6810,2023-08-12,7200000,1691792340000,2023-08-12 00:19:00,26640000,0,7080000,14220000,5340000,240000,,-1,ENHANCED_FINAL
31,x35bda69-64d7ffb4-6c84,2023-08-13,7200000,1691877300000,2023-08-12 23:55:00,27780000,0,5700000,16020000,4440000,180000,,-1,ENHANCED_FINAL
32,x35bda69-64d95134-6c84,2023-08-14,7200000,1691963700000,2023-08-13 23:55:00,27780000,0,1500000,21840000,4440000,420000,,-1,ENHANCED_FINAL
33,x35bda69-64daaa70-68c4,2023-08-15,7200000,1692052080000,2023-08-15 00:28:00,26820000,0,3180000,16740000,6900000,60000,,-1,ENHANCED_FINAL
34,x35bda69-64dbf4ac-5e74,2023-08-16,7200000,1692136620000,2023-08-15 23:57:00,24180000,0,120000,18180000,5880000,480000,,-1,ENHANCED_FINAL
35,x35bda69-64dd4140-6fcc,2023-08-17,7200000,1692221760000,2023-08-16 23:36:00,28620000,0,4980000,16980000,6660000,120000,,-1,ENHANCED_FINAL
36,x35bda69-64de99c8-63d8,2023-08-18,7200000,1692309960000,2023-08-18 00:06:00,25560000,0,1800000,17400000,6360000,300000,,-1,ENHANCED_FINAL
37,x35bda69-64dfe788-459c,2023-08-19,7200000,1692395400000,2023-08-18 23:50:00,17820000,0,4020000,11460000,2340000,180000,,-1,ENHANCED_FINAL
38,x35bda69-64e1323c-7440,2023-08-20,7200000,1692480060000,2023-08-19 23:21:00,29760000,0,1980000,20040000,7740000,180000,,-1,ENHANCED_FINAL
39,x35bda69-64e283f8-7260,2023-08-21,7200000,1692566520000,2023-08-20 23:22:00,29280000,0,3240000,22440000,3600000,60000,,-1,ENHANCED_FINAL
40,x35bda69-64e3d848-7314,2023-08-22,7200000,1692653640000,2023-08-21 23:34:00,29460000,0,4980000,18300000,6180000,0,,-1,ENHANCED_FINAL
41,x35bda69-64e52644-74b8,2023-08-23,7200000,1692739140000,2023-08-22 23:19:00,29880000,0,2280000,19320000,8280000,660000,,-1,ENHANCED_TENTATIVE
42,x35bda69-64e672d8-7c38,2023-08-24,7200000,1692824280000,2023-08-23 22:58:00,31800000,0,2940000,21480000,7380000,180000,,-1,ENHANCED_FINAL
43,x35bda69-64e7cdf4-7260,2023-08-25,7200000,1692913140000,2023-08-24 23:39:00,29280000,0,3840000,19860000,5580000,660000,,-1,ENHANCED_FINAL
44,x35bda69-64e926b8-378c,2023-08-26,7200000,1693001400000,2023-08-26 00:10:00,14220000,0,1800000,10260000,2160000,180000,,-1,ENHANCED_FINAL
45,x35bda69-64ea76d0-6a2c,2023-08-27,7200000,1693087440000,2023-08-27 00:04:00,27180000,0,6600000,17220000,3360000,60000,,-1,ENHANCED_FINAL
46,x35bda69-64ebc01c-5f64,2023-08-28,7200000,1693171740000,2023-08-27 23:29:00,24420000,0,2400000,14400000,7620000,60000,,-1,ENHANCED_FINAL
47,x35bda69-64ed1dcc-5280,2023-08-29,7200000,1693261260000,2023-08-29 00:21:00,21120000,0,7140000,13920000,60000,180000,,-1,ENHANCED_FINAL
48,x35bda69-64ee613c-7008,2023-08-30,7200000,1693344060000,2023-08-29 23:21:00,28680000,0,2160000,21360000,5160000,120000,,-1,ENHANCED_FINAL
49,x35bda69-64efb4d8-6ae0,2023-08-31,7200000,1693431000000,2023-08-30 23:30:00,27360000,0,4260000,19560000,3540000,0,,-1,ENHANCED_FINAL
50,x35bda69-64f10928-6a2c,2023-09-01,7200000,1693518120000,2023-08-31 23:42:00,27180000,0,5160000,15660000,6360000,180000,,-1,ENHANCED_FINAL
51,x35bda69-64f25940-6b94,2023-09-02,7200000,1693604160000,2023-09-01 23:36:00,27540000,0,4440000,18180000,4920000,480000,,-1,ENHANCED_FINAL
52,x35bda69-64f3a430-7ad0,2023-09-03,7200000,1693688880000,2023-09-02 23:08:00,31440000,0,5040000,17640000,8760000,120000,,-1,ENHANCED_FINAL
53,x35bda69-64f4f6dc-6bd0,2023-09-04,7200000,1693775580000,2023-09-03 23:13:00,27600000,0,2580000,18960000,6060000,120000,,-1,ENHANCED_FINAL
54,x35bda69-64f64988-6e28,2023-09-05,7200000,1693862280000,2023-09-04 23:18:00,28200000,0,3780000,18780000,5640000,540000,,-1,ENHANCED_FINAL
55,x35bda69-64f79cac-6888,2023-09-06,7200000,1693949100000,2023-09-05 23:25:00,26760000,840000,1620000,19740000,4560000,120000,,-1,ENHANCED_FINAL
56,x35bda69-64f8eae4-6630,2023-09-07,7200000,1694034660000,2023-09-06 23:11:00,26160000,0,2280000,19980000,3900000,120000,,-1,ENHANCED_FINAL
57,x35bda69-64fa3b38-62e8,2023-09-08,7200000,1694120760000,2023-09-07 23:06:00,25320000,0,1620000,18660000,5040000,120000,,-1,ENHANCED_FINAL
58,x35bda69-64fb8a60-747c,2023-09-09,7200000,1694206560000,2023-09-08 22:56:00,29820000,0,3180000,16800000,9840000,240000,,-1,ENHANCED_FINAL
59,x35bda69-64fcdfdc-7800,2023-09-10,7200000,1694293980000,2023-09-09 23:13:00,30720000,0,6720000,15360000,8640000,120000,,-1,ENHANCED_FINAL
60,x35bda69-64fe34a4-6aa4,2023-09-11,7200000,1694381220000,2023-09-10 23:27:00,27300000,0,2220000,19980000,5100000,0,,-1,ENHANCED_FINAL
61,x35bda69-64ff8b88-65f4,2023-09-12,7200000,1694469000000,2023-09-11 23:50:00,26100000,0,2940000,18720000,4440000,120000,,-1,ENHANCED_FINAL
62,x35bda69-6500dee8-65f4,2023-09-13,7200000,1694555880000,2023-09-12 23:58:00,26100000,0,3960000,17280000,4860000,120000,,-1,ENHANCED_FINAL
63,x35bda69-650236f8-5e38,2023-09-14,7200000,1694643960000,2023-09-14 00:26:00,24120000,0,4560000,13980000,5580000,0,,-1,ENHANCED_FINAL
64,x35bda69-650362f8-7ff8,2023-09-15,7200000,1694720760000,2023-09-14 21:46:00,32760000,0,4740000,22020000,6000000,300000,,-1,ENHANCED_FINAL
65,x35bda69-6504d854-6900,2023-09-16,7200000,1694816340000,2023-09-16 00:19:00,26880000,0,3900000,16800000,6180000,240000,,-1,ENHANCED_FINAL
66,x35bda69-65060b5c-7bfc,2023-09-17,7200000,1694894940000,2023-09-16 22:09:00,31740000,0,720000,20460000,10560000,120000,,-1,ENHANCED_FINAL
67,x35bda69-65076ccc-684c,2023-09-18,7200000,1694985420000,2023-09-17 23:17:00,26700000,0,3960000,16800000,5940000,180000,,-1,ENHANCED_FINAL
68,x35bda69-6508b8e8-6f54,2023-09-19,7200000,1695070440000,2023-09-18 22:54:00,28500000,0,4020000,19920000,4560000,0,,-1,ENHANCED_FINAL
69,x35bda69-650a15a8-6360,2023-09-20,7200000,1695159720000,2023-09-19 23:42:00,25440000,0,4800000,14820000,5820000,60000,,-1,ENHANCED_FINAL
70,x35bda69-650b6368-693c,2023-09-21,7200000,1695245160000,2023-09-20 23:26:00,26940000,0,3300000,18840000,4800000,180000,,-1,ENHANCED_FINAL
71,x35bda69-650cbbf0-5f64,2023-09-22,7200000,1695333360000,2023-09-21 23:56:00,24420000,0,6120000,11520000,6780000,60000,,-1,ENHANCED_FINAL
72,x35bda69-650e0410-7968,2023-09-23,7200000,1695417360000,2023-09-22 23:16:00,31080000,0,7200000,17340000,6540000,180000,,-1,ENHANCED_TENTATIVE
73,x35bda69-650f5914-6edc,2023-09-24,7200000,1695504660000,2023-09-23 23:31:00,28380000,0,1860000,19440000,7080000,120000,,-1,ENHANCED_TENTATIVE
74,x35bda69-6510a92c-6720,2023-09-25,7200000,1695590700000,2023-09-24 23:25:00,26400000,0,4740000,15600000,6060000,420000,,-1,ENHANCED_FINAL
75,x35bda69-651204c0-5e74,2023-09-26,7200000,1695679680000,2023-09-26 00:08:00,24180000,0,8820000,12420000,2940000,180000,,-1,ENHANCED_FINAL
76,x35bda69-65134290-73c8,2023-09-27,7200000,1695761040000,2023-09-26 22:44:00,29640000,0,4440000,21420000,3780000,60000,,-1,ENHANCED_FINAL
77,x35bda69-65149104-5dfc,2023-09-28,7200000,1695846660000,2023-09-27 22:31:00,24060000,0,3240000,16380000,4440000,180000,,-1,ENHANCED_FINAL
78,x35bda69-6515e950-6978,2023-09-29,7200000,1695934800000,2023-09-28 23:00:00,27000000,0,5040000,15840000,6120000,60000,,-1,ENHANCED_FINAL
79,x35bda69-65172270-80e8,2023-09-30,7200000,1696014960000,2023-09-29 21:16:00,33000000,0,2220000,22980000,7800000,1200000,,-1,ENHANCED_FINAL
80,x35bda69-65188cc8-693c,2023-10-01,7200000,1696107720000,2023-09-30 23:02:00,26940000,0,2640000,15000000,9300000,0,,-1,ENHANCED_FINAL
81,x35bda69-6519e334-64c8,2023-10-02,7200000,1696195380000,2023-10-01 23:23:00,25800000,0,8700000,14280000,2820000,60000,,-1,ENHANCED_FINAL
82,x35bda69-651b3310-6aa4,2023-10-03,7200000,1696281360000,2023-10-02 23:16:00,27300000,660000,6420000,16440000,3780000,60000,,-1,ENHANCED_FINAL
83,x35bda69-651c8508-65f4,2023-10-04,7200000,1696367880000,2023-10-03 23:18:00,26100000,1560000,2820000,18060000,3660000,600000,,-1,ENHANCED_FINAL
84,x35bda69-651dd610-549c,2023-10-05,7200000,1696454160000,2023-10-04 23:16:00,21660000,0,1860000,16680000,3120000,60000,,-1,ENHANCED_FINAL
85,x35bda69-651f2628-639c,2023-10-06,7200000,1696540200000,2023-10-05 23:10:00,25500000,0,5460000,15180000,4860000,120000,,-1,ENHANCED_FINAL
86,x35bda69-65207604-74b8,2023-10-07,7200000,1696626180000,2023-10-06 23:03:00,29880000,0,4500000,18420000,6960000,120000,,-1,ENHANCED_FINAL
87,x35bda69-6521da44-5ab4,2023-10-08,7200000,1696717380000,2023-10-08 00:23:00,23220000,0,2940000,16740000,3540000,360000,,-1,ENHANCED_FINAL
88,x35bda69-65231d3c-6978,2023-10-09,7200000,1696800060000,2023-10-08 23:21:00,27000000,0,7200000,14940000,4860000,60000,,-1,ENHANCED_TENTATIVE
89,x35bda69-6524790c-6018,2023-10-10,7200000,1696889100000,2023-10-10 00:05:00,24600000,0,4980000,13800000,5820000,60000,,-1,ENHANCED_FINAL
90,x35bda69-6525bc04-6dec,2023-10-11,7200000,1696971780000,2023-10-10 23:03:00,28140000,0,8880000,15660000,3600000,120000,,-1,ENHANCED_FINAL
91,x35bda69-65271414-5118,2023-10-12,7200000,1697059860000,2023-10-11 23:31:00,20760000,0,2880000,13080000,4800000,180000,,-1,ENHANCED_FINAL
92,x35bda69-6528561c-7224,2023-10-13,7200000,1697142300000,2023-10-12 22:25:00,29220000,0,1980000,19680000,7560000,180000,,-1,ENHANCED_FINAL
93,x35bda69-6529acc4-7170,2023-10-14,7200000,1697230020000,2023-10-13 22:47:00,29040000,0,1860000,17640000,9540000,360000,,-1,ENHANCED_FINAL
94,x35bda69-652b02f4-792c,2023-10-15,7200000,1697317620000,2023-10-14 23:07:00,31020000,0,180000,19800000,11040000,60000,,-1,ENHANCED_TENTATIVE
95,x35bda69-652c503c-6d38,2023-10-16,7200000,1697402940000,2023-10-15 22:49:00,27960000,0,4920000,16500000,6540000,120000,,-1,ENHANCED_FINAL
96,x35bda69-652da5f4-6b58,2023-10-17,7200000,1697490420000,2023-10-16 23:07:00,27480000,0,5820000,18840000,2820000,300000,,-1,ENHANCED_FINAL
97,x35bda69-652efe7c-62e8,2023-10-18,7200000,1697578620000,2023-10-17 23:37:00,25320000,0,4680000,17880000,2760000,180000,,-1,ENHANCED_FINAL
98,x35bda69-65304a98-53e8,2023-10-19,7200000,1697663640000,2023-10-18 23:14:00,21480000,0,3840000,13860000,3780000,0,,-1,ENHANCED_TENTATIVE
99,x35bda69-6531a35c-657c,2023-10-20,7200000,1697751900000,2023-10-19 23:45:00,25980000,0,6480000,16380000,3120000,60000,,-1,ENHANCED_TENTATIVE
100,x35bda69-6532f3b0-6fcc,2023-10-21,7200000,1697838000000,2023-10-20 23:40:00,28620000,0,5640000,17820000,5160000,60000,,-1,ENHANCED_TENTATIVE
101,x35bda69-653445e4-6f18,2023-10-22,7200000,1697924580000,2023-10-21 23:43:00,28440000,0,6840000,14760000,6840000,60000,,-1,ENHANCED_FINAL
102,x35bda69-65358bac-75e4,2023-10-23,7200000,1698007980000,2023-10-22 22:53:00,30180000,0,5460000,18120000,6600000,0,,-1,ENHANCED_FINAL
103,x35bda69-6536e614-68c4,2023-10-24,7200000,1698096660000,2023-10-23 23:31:00,26820000,0,4440000,20280000,2100000,180000,,-1,ENHANCED_FINAL
104,x35bda69-65383a28-693c,2023-10-25,7200000,1698183720000,2023-10-24 23:42:00,26940000,0,5640000,18720000,2580000,900000,,-1,ENHANCED_FINAL
105,x35bda69-65398e00-495c,2023-10-26,7200000,1698270720000,2023-10-25 23:52:00,18780000,0,5940000,9720000,3120000,0,,-1,ENHANCED_FINAL
106,x35bda69-653ad878-6810,2023-10-27,7200000,1698355320000,2023-10-26 23:22:00,26640000,0,3480000,17400000,5760000,0,,-1,ENHANCED_FINAL
107,x35bda69-653c2908-6aa4,2023-10-28,7200000,1698441480000,2023-10-27 23:18:00,27300000,0,4320000,16800000,6180000,240000,,-1,ENHANCED_FINAL
108,x35bda69-653d78e4-75a8,2023-10-29,3600000,1698527460000,2023-10-28 22:11:00,30120000,0,8040000,16980000,5100000,60000,,-1,ENHANCED_FINAL
109,x35bda69-653ec884-7a58,2023-10-30,3600000,1698613380000,2023-10-29 22:03:00,31320000,0,7560000,17280000,6480000,0,,-1,ENHANCED_FINAL
110,x35bda69-65403048-6c0c,2023-10-31,3600000,1698705480000,2023-10-30 23:38:00,27660000,780000,9360000,13740000,3780000,60000,,-1,ENHANCED_FINAL
111,x35bda69-65416da0-8124,2023-11-01,3600000,1698786720000,2023-10-31 22:12:00,33060000,0,6360000,19260000,7440000,360000,,-1,ENHANCED_FINAL
112,x35bda69-6542cf88-67d4,2023-11-02,3600000,1698877320000,2023-11-01 23:22:00,26580000,0,8340000,15360000,2880000,180000,,-1,ENHANCED_FINAL
113,x35bda69-65442720-5e74,2023-11-03,3600000,1698965280000,2023-11-02 23:48:00,24180000,0,6960000,12900000,4320000,120000,,-1,ENHANCED_FINAL
114,x35bda69-65457d50-6888,2023-11-04,3600000,1699052880000,2023-11-04 00:08:00,26760000,0,3780000,19920000,3060000,0,,-1,ENHANCED_FINAL
115,x35bda69-6546b97c-79e0,2023-11-05,3600000,1699133820000,2023-11-04 22:37:00,31200000,0,6900000,17100000,7200000,480000,,-1,ENHANCED_FINAL
116,x35bda69-654818d0-61f8,2023-11-06,3600000,1699223760000,2023-11-05 23:36:00,25080000,0,3360000,16620000,5100000,1320000,,-1,ENHANCED_FINAL
117,x35bda69-65495e5c-738c,2023-11-07,3600000,1699307100000,2023-11-06 22:45:00,29580000,0,6240000,17280000,6060000,120000,,-1,ENHANCED_TENTATIVE
118,x35bda69-654ac314-5c58,2023-11-08,3600000,1699398420000,2023-11-08 00:07:00,23640000,0,5520000,13740000,4380000,180000,,-1,ENHANCED_FINAL
119,x35bda69-654bffb8-5eb0,2023-11-09,3600000,1699479480000,2023-11-08 22:38:00,24240000,0,900000,18660000,4680000,0,,-1,ENHANCED_FINAL
120,x35bda69-654d49b8-7968,2023-11-10,3600000,1699563960000,2023-11-09 22:06:00,31080000,0,4980000,17580000,8520000,180000,,-1,ENHANCED_FINAL
121,x35bda69-654eb014-6d38,2023-11-11,3600000,1699655700000,2023-11-10 23:35:00,27960000,0,4920000,17160000,5880000,60000,,-1,ENHANCED_FINAL
122,x35bda69-654ff5a0-7e18,2023-11-12,3600000,1699739040000,2023-11-11 22:44:00,32280000,0,7980000,16680000,7620000,240000,,-1,ENHANCED_FINAL
123,x35bda69-65514324-7698,2023-11-13,3600000,1699824420000,2023-11-12 22:27:00,30360000,0,6420000,19560000,4380000,360000,,-1,ENHANCED_FINAL
124,x35bda69-6552a5fc-6a2c,2023-11-14,3600000,1699915260000,2023-11-13 23:41:00,27180000,0,4920000,18660000,3600000,180000,,-1,ENHANCED_FINAL
125,x35bda69-6553f68c-6144,2023-11-15,3600000,1700001420000,2023-11-14 23:37:00,24900000,0,4620000,16020000,4260000,360000,,-1,ENHANCED_FINAL
126,x35bda69-65553a74-5ba4,2023-11-16,3600000,1700084340000,2023-11-15 22:39:00,23460000,0,0,17160000,6300000,180000,,-1,ENHANCED_FINAL
127,x35bda69-65568474-77c4,2023-11-17,3600000,1700168820000,2023-11-16 22:07:00,30660000,0,4980000,19380000,6300000,240000,,-1,ENHANCED_FINAL
128,x35bda69-6557f46c-639c,2023-11-18,3600000,1700263020000,2023-11-18 00:17:00,25500000,0,4380000,15480000,5640000,0,,-1,ENHANCED_FINAL
129,x35bda69-65593cc8-6ae0,2023-11-19,3600000,1700347080000,2023-11-18 23:38:00,27360000,0,5700000,18120000,3540000,480000,,-1,ENHANCED_FINAL
130,x35bda69-655a8dd0-6bd0,2023-11-20,3600000,1700433360000,2023-11-19 23:36:00,27600000,0,4860000,16260000,6480000,180000,,-1,ENHANCED_FINAL
131,x35bda69-655bd848-6c48,2023-11-21,3600000,1700517960000,2023-11-20 23:06:00,27720000,0,2280000,21840000,3600000,300000,,-1,ENHANCED_FINAL
132,x35bda69-655d2ab8-6810,2023-11-22,3600000,1700604600000,2023-11-21 23:10:00,26640000,0,3900000,15960000,6780000,60000,,-1,ENHANCED_FINAL
133,x35bda69-655e7530-76d4,2023-11-23,3600000,1700689200000,2023-11-22 22:40:00,30420000,0,5280000,16800000,8340000,60000,,-1,ENHANCED_FINAL
134,x35bda69-655fd5ec-6054,2023-11-24,3600000,1700779500000,2023-11-23 23:45:00,24660000,0,2040000,18960000,3660000,60000,,-1,ENHANCED_FINAL
135,x35bda69-656120dc-62e8,2023-11-25,3600000,1700864220000,2023-11-24 23:17:00,25320000,0,4740000,17220000,3360000,480000,,-1,ENHANCED_FINAL
136,x35bda69-65627f04-657c,2023-11-26,3600000,1700953860000,2023-11-26 00:11:00,25980000,0,2760000,17160000,6060000,300000,,-1,ENHANCED_FINAL
137,x35bda69-6563bd10-73c8,2023-11-27,3600000,1701035280000,2023-11-26 22:48:00,29640000,0,7860000,16860000,4920000,0,,-1,ENHANCED_FINAL
138,x35bda69-656518a4-6c48,2023-11-28,3600000,1701124260000,2023-11-27 23:31:00,27720000,0,7740000,16080000,3900000,0,,-1,ENHANCED_FINAL
139,x35bda69-65666cf4-6ae0,2023-11-29,3600000,1701211380000,2023-11-28 23:43:00,27360000,0,7020000,16200000,4140000,180000,,-1,ENHANCED_FINAL
140,x35bda69-6567c630-6270,2023-11-30,3600000,1701299760000,2023-11-30 00:16:00,25200000,0,5520000,13440000,6240000,120000,,-1,ENHANCED_TENTATIVE
141,x35bda69-65690f40-666c,2023-12-01,3600000,1701384000000,2023-11-30 23:40:00,26220000,0,3600000,15540000,7080000,60000,,-1,ENHANCED_FINAL
142,x35bda69-656a6e58-5820,2023-12-02,3600000,1701473880000,2023-12-02 00:38:00,22560000,0,5460000,14820000,2280000,540000,,-1,ENHANCED_FINAL
143,x35bda69-656ba160-7da0,2023-12-03,3600000,1701552480000,2023-12-02 22:28:00,32160000,0,4680000,20760000,6720000,300000,,-1,ENHANCED_FINAL
144,x35bda69-656cedb8-7f80,2023-12-04,3600000,1701637560000,2023-12-03 22:06:00,32640000,0,1020000,24060000,7560000,120000,,-1,ENHANCED_FINAL
145,x35bda69-656e46f4-70bc,2023-12-05,3600000,1701725940000,2023-12-04 22:39:00,28860000,0,3120000,20580000,5160000,600000,,-1,ENHANCED_FINAL
146,x35bda69-656f90f4-79a4,2023-12-06,3600000,1701810420000,2023-12-05 22:07:00,31140000,0,6120000,21000000,4020000,660000,,-1,ENHANCED_FINAL
147,x35bda69-6570f4bc-6a68,2023-12-07,3600000,1701901500000,2023-12-06 23:25:00,27240000,0,1740000,17100000,8400000,240000,,-1,ENHANCED_FINAL
148,x35bda69-65724ab0-7620,2023-12-08,3600000,1701989040000,2023-12-07 23:44:00,30240000,0,5100000,18960000,6180000,540000,,-1,ENHANCED_FINAL
149,x35bda69-6573a248-639c,2023-12-09,3600000,1702077000000,2023-12-09 00:10:00,25500000,0,3720000,15420000,6360000,300000,,-1,ENHANCED_FINAL
150,x35bda69-6574f440-6090,2023-12-10,3600000,1702163520000,2023-12-10 00:12:00,24720000,0,4080000,17400000,3240000,420000,,-1,ENHANCED_FINAL
151,x35bda69-6576441c-5988,2023-12-11,3600000,1702249500000,2023-12-11 00:05:00,22920000,0,6180000,14880000,1860000,0,,-1,ENHANCED_FINAL
152,x35bda69-65778cb4-6180,2023-12-12,3600000,1702333620000,2023-12-11 23:27:00,24960000,0,5400000,16440000,3120000,60000,,-1,ENHANCED_FINAL
153,x35bda69-6578e104-6888,2023-12-13,3600000,1702420740000,2023-12-12 23:39:00,26760000,1680000,3540000,16380000,5160000,480000,,-1,ENHANCED_FINAL
154,x35bda69-657a3cd4-43f8,2023-12-14,3600000,1702509780000,2023-12-14 00:23:00,17400000,0,3840000,11160000,2400000,180000,,-1,ENHANCED_FINAL
155,x35bda69-657b72e8-7260,2023-12-15,3600000,1702589160000,2023-12-14 22:26:00,29280000,0,6180000,17460000,5640000,240000,,-1,ENHANCED_FINAL
156,x35bda69-657cc468-7878,2023-12-16,3600000,1702675560000,2023-12-15 22:26:00,30840000,0,5520000,20640000,4680000,300000,,-1,ENHANCED_FINAL
157,x35bda69-657e1cf0-7c38,2023-12-17,3600000,1702763760000,2023-12-16 22:56:00,31800000,0,8880000,17520000,5400000,120000,,-1,ENHANCED_FINAL
158,x35bda69-657f7dac-5dfc,2023-12-18,3600000,1702854060000,2023-12-18 00:01:00,24060000,660000,7980000,12660000,2760000,180000,,-1,ENHANCED_FINAL
159,x35bda69-6580ce3c-6090,2023-12-19,3600000,1702940220000,2023-12-18 23:57:00,24720000,0,3360000,15840000,5520000,240000,,-1,ENHANCED_FINAL
160,x35bda69-65822a0c-5640,2023-12-20,3600000,1703029260000,2023-12-20 00:41:00,22080000,0,2280000,15600000,4200000,0,,-1,ENHANCED_FINAL
161,x35bda69-65836c14-4d1c,2023-12-21,3600000,1703111700000,2023-12-20 23:35:00,19740000,0,7260000,9180000,3300000,60000,,-1,ENHANCED_FINAL
162,x35bda69-6584b3f8-6db0,2023-12-22,3600000,1703195640000,2023-12-21 22:54:00,28080000,0,6960000,17820000,3300000,60000,,-1,ENHANCED_TENTATIVE
163,x35bda69-658624e0-54d8,2023-12-23,3600000,1703290080000,2023-12-23 01:08:00,21720000,0,7380000,10740000,3600000,480000,,-1,ENHANCED_TENTATIVE
164,x35bda69-65878470-4fec,2023-12-24,3600000,1703380080000,2023-12-24 02:08:00,20460000,0,4800000,13500000,2160000,180000,,-1,ENHANCED_TENTATIVE
165,x35bda69-6588c984-5eb0,2023-12-25,3600000,1703463300000,2023-12-25 01:15:00,24240000,0,5280000,15900000,3060000,660000,,-1,ENHANCED_FINAL
166,x35bda69-658a0358-6324,2023-12-26,3600000,1703543640000,2023-12-25 23:34:00,25380000,0,6900000,14280000,4200000,120000,,-1,ENHANCED_FINAL
167,x35bda69-658b6270-69b4,2023-12-27,3600000,1703633520000,2023-12-27 00:32:00,27060000,0,4200000,15300000,7560000,180000,,-1,ENHANCED_FINAL
168,x35bda69-658caec8-5f64,2023-12-28,3600000,1703718600000,2023-12-28 00:10:00,24420000,0,7560000,14040000,2820000,0,,-1,ENHANCED_FINAL
169,x35bda69-658e0804-5eec,2023-12-29,3600000,1703806980000,2023-12-29 00:43:00,24300000,0,5280000,15360000,3660000,600000,,-1,ENHANCED_TENTATIVE
170,x35bda69-658f5420-738c,2023-12-30,3600000,1703892000000,2023-12-30 00:20:00,29580000,1320000,2760000,19440000,6060000,300000,,-1,ENHANCED_FINAL
171,x35bda69-6590a9d8-6018,2023-12-31,3600000,1703979480000,2023-12-31 00:38:00,24600000,0,2280000,18720000,3600000,180000,,-1,ENHANCED_TENTATIVE
172,x35bda69-659200f8-6f18,2024-01-01,3600000,1704067320000,2024-01-01 01:02:00,28440000,0,6120000,16560000,5760000,60000,,-1,ENHANCED_FINAL
173,x35bda69-65933cac-7b84,2024-01-02,3600000,1704148140000,2024-01-01 23:29:00,31620000,0,7440000,21780000,2400000,120000,,-1,ENHANCED_FINAL
174,x35bda69-65949c78-6900,2024-01-03,3600000,1704238200000,2024-01-03 00:30:00,26880000,0,3900000,17280000,5700000,240000,,-1,ENHANCED_FINAL
175,x35bda69-6595e54c-747c,2024-01-04,3600000,1704322380000,2024-01-03 23:53:00,29820000,0,6300000,18480000,5040000,180000,,-1,ENHANCED_FINAL
176,x35bda69-65972a9c-756c,2024-01-05,3600000,1704405660000,2024-01-04 23:01:00,30060000,0,6120000,17220000,6720000,300000,,-1,ENHANCED_FINAL
177,x35bda69-65989260-6798,2024-01-06,3600000,1704497760000,2024-01-06 00:36:00,26520000,960000,4920000,17700000,2940000,60000,,-1,ENHANCED_FINAL
178,x35bda69-6599d8a0-75a8,2024-01-07,3600000,1704581280000,2024-01-06 23:48:00,30120000,0,8280000,16560000,5280000,360000,,-1,ENHANCED_FINAL
179,x35bda69-659b27c8-675c,2024-01-08,3600000,1704667080000,2024-01-07 23:38:00,26460000,0,5940000,16440000,4080000,0,,-1,ENHANCED_FINAL
180,x35bda69-659c7c54-5fdc,2024-01-09,3600000,1704754260000,2024-01-08 23:51:00,24540000,0,6660000,14940000,2940000,300000,,-1,ENHANCED_FINAL
181,x35bda69-659dcdd4-6324,2024-01-10,3600000,1704840660000,2024-01-09 23:51:00,25380000,660000,9540000,13020000,2160000,240000,,-1,ENHANCED_FINAL
182,x35bda69-659f1ae0-65f4,2024-01-11,3600000,1704925920000,2024-01-10 23:32:00,26100000,1680000,5880000,15120000,3420000,60000,,-1,ENHANCED_FINAL
183,x35bda69-65a06e04-6db0,2024-01-12,3600000,1705012740000,2024-01-11 23:39:00,28080000,0,5640000,16140000,6300000,0,,-1,ENHANCED_FINAL
184,x35bda69-65a1c290-7350,2024-01-13,3600000,1705099920000,2024-01-12 23:52:00,29520000,1920000,5460000,17760000,4380000,360000,,-1,ENHANCED_FINAL
185,x35bda69-65a307e0-76d4,2024-01-14,3600000,1705183200000,2024-01-13 23:00:00,30420000,1620000,3180000,17820000,7800000,840000,,-1,ENHANCED_FINAL
186,x35bda69-65a467ac-5fdc,2024-01-15,3600000,1705273260000,2024-01-15 00:01:00,24540000,0,7860000,13380000,3300000,60000,,-1,ENHANCED_FINAL
187,x35bda69-65a5b6d4-6270,2024-01-16,3600000,1705359060000,2024-01-15 23:51:00,25200000,1200000,4140000,16140000,3720000,180000,,-1,ENHANCED_FINAL
188,x35bda69-65a70674-6270,2024-01-17,3600000,1705444980000,2024-01-16 23:43:00,25200000,4260000,5640000,12420000,2880000,120000,,-1,ENHANCED_FINAL
189,x35bda69-65a85ce0-6540,2024-01-18,3600000,1705532640000,2024-01-18 00:04:00,25920000,0,6540000,13740000,5640000,0,,-1,ENHANCED_FINAL
190,x35bda69-65a9a500-6b58,2024-01-19,3600000,1705616640000,2024-01-18 23:24:00,27480000,900000,4320000,19560000,2700000,60000,,-1,ENHANCED_FINAL
191,x35bda69-65aafa7c-7044,2024-01-20,3600000,1705704060000,2024-01-19 23:41:00,28740000,0,4860000,18180000,5700000,180000,,-1,ENHANCED_FINAL
192,x35bda69-65ac3ae0-8340,2024-01-21,3600000,1705786080000,2024-01-20 22:28:00,33600000,1440000,2400000,21840000,7920000,180000,,-1,ENHANCED_FINAL
193,x35bda69-65ad9e6c-62ac,2024-01-22,3600000,1705877100000,2024-01-21 23:45:00,25260000,0,3360000,16800000,5100000,0,,-1,ENHANCED_FINAL
194,x35bda69-65aef4d8-5c1c,2024-01-23,3600000,1705964760000,2024-01-23 00:06:00,23580000,0,4080000,13620000,5880000,300000,,-1,ENHANCED_TENTATIVE
195,x35bda69-65b03e60-65f4,2024-01-24,3600000,1706049120000,2024-01-23 23:32:00,26100000,2100000,3000000,16140000,4860000,240000,,-1,ENHANCED_FINAL
196,x35bda69-65b19a6c-6324,2024-01-25,3600000,1706138220000,2024-01-25 00:17:00,25380000,0,4320000,14700000,6360000,0,,-1,ENHANCED_FINAL
197,x35bda69-65b2d9a4-6d74,2024-01-26,3600000,1706219940000,2024-01-25 22:59:00,28020000,0,3120000,18540000,6360000,300000,,-1,ENHANCED_FINAL
198,x35bda69-65b43268-74f4,2024-01-27,3600000,1706308200000,2024-01-26 23:30:00,29940000,3780000,3540000,15120000,7500000,0,,-1,ENHANCED_FINAL
199,x35bda69-65b58d0c-648c,2024-01-28,3600000,1706396940000,2024-01-28 00:09:00,25740000,0,3900000,16740000,5100000,120000,,-1,ENHANCED_TENTATIVE
200,x35bda69-65b6d5a4-5c94,2024-01-29,3600000,1706481060000,2024-01-28 23:31:00,23700000,0,12600000,11100000,0,300000,,-1,AUTO_FINAL
201,x35bda69-65b82454-6a68,2024-01-30,3600000,1706566740000,2024-01-29 23:19:00,27240000,0,6060000,16740000,4440000,120000,,-1,ENHANCED_FINAL
202,x35bda69-65b981c8-5c58,2024-01-31,3600000,1706656200000,2024-01-31 00:10:00,23640000,0,2340000,16140000,5160000,180000,,-1,ENHANCED_FINAL
203,x35bda69-65bad000-6180,2024-02-01,3600000,1706741760000,2024-01-31 23:56:00,24960000,840000,2340000,15180000,6600000,120000,,-1,ENHANCED_FINAL
204,x35bda69-65bc176c-5a00,2024-02-02,3600000,1706825580000,2024-02-01 23:13:00,23040000,0,3900000,12840000,6300000,300000,,-1,ENHANCED_TENTATIVE
205,x35bda69-65bd6dd8-67d4,2024-02-03,3600000,1706913240000,2024-02-02 23:34:00,26580000,0,5880000,14820000,5880000,0,,-1,ENHANCED_FINAL
206,x35bda69-65beaeb4-79a4,2024-02-04,3600000,1706995380000,2024-02-03 22:23:00,31140000,720000,5100000,18060000,7260000,480000,,-1,ENHANCED_FINAL
207,x35bda69-65c0226c-567c,2024-02-05,3600000,1707090540000,2024-02-05 00:49:00,22140000,1080000,6720000,11700000,2640000,0,,-1,ENHANCED_TENTATIVE
208,x35bda69-65c15538-74f4,2024-02-06,3600000,1707169080000,2024-02-05 22:38:00,29940000,0,5520000,19800000,4620000,300000,,-1,ENHANCED_FINAL
209,x35bda69-65c2bc84-5c94,2024-02-07,3600000,1707261060000,2024-02-07 00:11:00,23700000,0,4740000,14160000,4800000,360000,,-1,ENHANCED_TENTATIVE
210,x35bda69-65c4060c-6dec,2024-02-08,3600000,1707345420000,2024-02-07 23:37:00,28140000,0,4920000,16980000,6240000,0,,-1,ENHANCED_FINAL
211,x35bda69-65c559e4-6234,2024-02-09,3600000,1707432420000,2024-02-08 23:47:00,25140000,0,4140000,14520000,6480000,60000,,-1,ENHANCED_FINAL
212,x35bda69-65c6b050-7134,2024-02-10,3600000,1707520080000,2024-02-10 00:08:00,28980000,0,9120000,15420000,4440000,120000,,-1,ENHANCED_TENTATIVE
213,x35bda69-65c80374-6888,2024-02-11,3600000,1707606900000,2024-02-11 00:15:00,26760000,1560000,6360000,15420000,3420000,180000,,-1,ENHANCED_FINAL
214,x35bda69-65c95224-5e74,2024-02-12,3600000,1707692580000,2024-02-12 00:03:00,24180000,0,6960000,15660000,1560000,480000,,-1,ENHANCED_FINAL
215,x35bda69-65caa3a4-5e74,2024-02-13,3600000,1707778980000,2024-02-13 00:03:00,24180000,0,3360000,15540000,5280000,0,,-1,ENHANCED_FINAL
216,x35bda69-65cbe5ac-66e4,2024-02-14,3600000,1707861420000,2024-02-13 22:57:00,26340000,0,4380000,17040000,4920000,120000,,-1,ENHANCED_TENTATIVE
217,x35bda69-65cd42a8-61f8,2024-02-15,3600000,1707950760000,2024-02-14 23:46:00,25080000,0,4860000,14520000,5700000,540000,,-1,ENHANCED_FINAL
218,x35bda69-65ce89d8-68c4,2024-02-16,3600000,1708034520000,2024-02-15 23:02:00,26820000,0,4800000,17700000,4320000,60000,,-1,ENHANCED_FINAL
219,x35bda69-65cfdd74-70f8,2024-02-17,3600000,1708121460000,2024-02-16 23:11:00,28920000,0,4020000,19980000,4920000,360000,,-1,ENHANCED_FINAL
220,x35bda69-65d13098-78b4,2024-02-18,3600000,1708208280000,2024-02-17 23:18:00,30900000,0,3180000,19560000,8160000,360000,,-1,ENHANCED_FINAL
221,x35bda69-65d28c2c-6360,2024-02-19,3600000,1708297260000,2024-02-19 00:01:00,25440000,0,3780000,16920000,4740000,120000,,-1,ENHANCED_TENTATIVE
222,x35bda69-65d3d17c-7404,2024-02-20,3600000,1708380540000,2024-02-19 23:09:00,29700000,0,1440000,20400000,7860000,180000,,-1,ENHANCED_FINAL
223,x35bda69-65d52338-6d74,2024-02-21,3600000,1708467000000,2024-02-20 23:10:00,28020000,0,3120000,18660000,6240000,240000,,-1,ENHANCED_FINAL
224,x35bda69-65d673c8-6dec,2024-02-22,3600000,1708553160000,2024-02-21 23:06:00,28140000,0,1980000,21420000,4740000,0,,-1,ENHANCED_FINAL
225,x35bda69-65d7cdb8-6900,2024-02-23,3600000,1708641720000,2024-02-22 23:42:00,26880000,0,4500000,17820000,4560000,420000,,-1,ENHANCED_FINAL
226,x35bda69-65d91d58-6edc,2024-02-24,3600000,1708727640000,2024-02-23 23:34:00,28380000,0,4020000,17400000,6960000,0,,-1,ENHANCED_FINAL
227,x35bda69-65da6848-783c,2024-02-25,3600000,1708812360000,2024-02-24 23:06:00,30780000,0,4860000,19140000,6780000,360000,,-1,ENHANCED_FINAL
228,x35bda69-65dbbc5c-6c84,2024-02-26,3600000,1708899420000,2024-02-25 23:17:00,27780000,0,5880000,16980000,4920000,300000,,-1,ENHANCED_FINAL
229,x35bda69-65dcfe28-77c4,2024-02-27,3600000,1708981800000,2024-02-26 22:10:00,30660000,0,4200000,21000000,5460000,180000,,-1,ENHANCED_FINAL
230,x35bda69-65de604c-6d74,2024-02-28,3600000,1709072460000,2024-02-27 23:21:00,28020000,0,4560000,18360000,5100000,300000,,-1,ENHANCED_FINAL
231,x35bda69-65dfb028-69f0,2024-02-29,3600000,1709158440000,2024-02-28 23:14:00,27120000,0,840000,18780000,7500000,240000,,-1,ENHANCED_FINAL
232,x35bda69-65e0f884-5af0,2024-03-01,3600000,1709242500000,2024-02-29 22:35:00,23280000,0,4140000,16560000,2580000,0,,-1,ENHANCED_TENTATIVE
233,x35bda69-65e253a0-738c,2024-03-02,3600000,1709331360000,2024-03-01 23:16:00,29580000,0,4860000,18420000,6300000,300000,,-1,ENHANCED_TENTATIVE
234,x35bda69-65e3ac28-7260,2024-03-03,3600000,1709419560000,2024-03-02 23:46:00,29280000,0,4620000,19860000,4800000,120000,,-1,ENHANCED_TENTATIVE
235,x35bda69-65e4f970-65b8,2024-03-04,3600000,1709504880000,2024-03-03 23:28:00,26040000,0,5760000,17400000,2880000,480000,,-1,ENHANCED_FINAL
236,x35bda69-65e65180-62e8,2024-03-05,3600000,1709592960000,2024-03-04 23:56:00,25320000,0,3660000,18960000,2700000,660000,,-1,ENHANCED_FINAL
237,x35bda69-65e7925c-6f54,2024-03-06,3600000,1709675100000,2024-03-05 22:45:00,28500000,0,4920000,21300000,2280000,60000,,-1,ENHANCED_FINAL
238,x35bda69-65e8e10c-7530,2024-03-07,3600000,1709760780000,2024-03-06 22:33:00,30000000,0,5580000,21300000,3120000,300000,,-1,ENHANCED_TENTATIVE
239,x35bda69-65ea3430-5910,2024-03-08,3600000,1709847600000,2024-03-07 22:40:00,22800000,0,5100000,13680000,4020000,180000,,-1,ENHANCED_TENTATIVE
240,x35bda69-65eb8754-78f0,2024-03-09,3600000,1709934420000,2024-03-08 22:47:00,30960000,0,7440000,18120000,5400000,60000,,-1,ENHANCED_FINAL
241,x35bda69-65ecd94c-7a58,2024-03-10,3600000,1710020940000,2024-03-09 22:49:00,31320000,0,6720000,16080000,8520000,420000,,-1,ENHANCED_FINAL
242,x35bda69-65ee3954-60cc,2024-03-11,3600000,1710111060000,2024-03-10 23:51:00,24780000,0,6000000,14220000,4560000,120000,,-1,ENHANCED_FINAL
243,x35bda69-65ef86d8-6ae0,2024-03-12,3600000,1710196440000,2024-03-11 23:34:00,27360000,0,7260000,16140000,3960000,60000,,-1,ENHANCED_FINAL
244,x35bda69-65f0e140-5988,2024-03-13,3600000,1710285120000,2024-03-13 00:12:00,22920000,0,1980000,17280000,3660000,300000,,-1,ENHANCED_FINAL
245,x35bda69-65f232c0-5c58,2024-03-14,3600000,1710371520000,2024-03-14 00:12:00,23640000,0,1980000,17940000,3720000,180000,,-1,ENHANCED_FINAL
246,x35bda69-65f37180-5640,2024-03-15,3600000,1710453120000,2024-03-14 22:52:00,22080000,0,5760000,14040000,2280000,60000,,-1,ENHANCED_FINAL
247,x35bda69-65f4b400-8124,2024-03-16,3600000,1710535680000,2024-03-15 21:48:00,33060000,0,4380000,21780000,6900000,120000,,-1,ENHANCED_FINAL
248,x35bda69-65f61ed0-71e8,2024-03-17,3600000,1710628560000,2024-03-16 23:36:00,29160000,0,2820000,18480000,7860000,60000,,-1,ENHANCED_FINAL
249,x35bda69-65f76678-6c0c,2024-03-18,3600000,1710712440000,2024-03-17 22:54:00,27660000,0,10200000,15780000,1680000,360000,,-1,ENHANCED_FINAL
250,x35bda69-65f8c4dc-64c8,2024-03-19,3600000,1710802140000,2024-03-18 23:49:00,25800000,0,7680000,14820000,3300000,540000,,-1,ENHANCED_FINAL
251,x35bda69-65fa0fcc-66a8,2024-03-20,3600000,1710886860000,2024-03-19 23:21:00,26280000,0,6300000,14220000,5760000,120000,,-1,ENHANCED_FINAL
252,x35bda69-65fb5f6c-68c4,2024-03-21,3600000,1710972780000,2024-03-20 23:13:00,26820000,0,5340000,15120000,6360000,180000,,-1,ENHANCED_FINAL
253,x35bda69-65fcbd94-5c1c,2024-03-22,3600000,1711062420000,2024-03-22 00:07:00,23580000,0,3960000,15480000,4140000,60000,,-1,ENHANCED_FINAL
254,x35bda69-65fe062c-6c0c,2024-03-23,3600000,1711146540000,2024-03-22 23:29:00,27660000,0,3780000,17520000,6360000,60000,,-1,ENHANCED_FINAL
255,x35bda69-65ff6544-5fa0,2024-03-24,3600000,1711236420000,2024-03-24 00:27:00,24480000,0,4920000,13020000,6540000,240000,,-1,ENHANCED_FINAL
256,x35bda69-6600aa94-60cc,2024-03-25,3600000,1711319700000,2024-03-24 23:35:00,24780000,0,5280000,15720000,3780000,420000,,-1,ENHANCED_TENTATIVE
257,x35bda69-66020100-5b2c,2024-03-26,3600000,1711407360000,2024-03-25 23:56:00,23340000,0,4680000,15120000,3540000,0,,-1,ENHANCED_FINAL
258,x35bda69-66034a88-65f4,2024-03-27,3600000,1711491720000,2024-03-26 23:22:00,26100000,0,5280000,13260000,7560000,60000,,-1,ENHANCED_FINAL
259,x35bda69-66049578-7080,2024-03-28,3600000,1711576440000,2024-03-27 22:54:00,28800000,0,4080000,19980000,4740000,120000,,-1,ENHANCED_TENTATIVE
260,x35bda69-66061344-4380,2024-03-29,3600000,1711674180000,2024-03-29 02:03:00,17280000,0,3180000,9960000,4140000,120000,,-1,ENHANCED_TENTATIVE
261,x35bda69-66074070-6cc0,2024-03-30,3600000,1711751280000,2024-03-29 23:28:00,27840000,0,1800000,19440000,6600000,180000,,-1,ENHANCED_TENTATIVE
262,x35bda69-66087cd8-7ddc,2024-03-31,7200000,1711832280000,2024-03-30 22:58:00,32220000,0,1440000,22800000,7980000,1560000,,-1,ENHANCED_FINAL
263,x35bda69-6609dbf0-71e8,2024-04-01,7200000,1711922160000,2024-03-31 23:56:00,29160000,960000,6000000,14640000,7560000,900000,,-1,ENHANCED_TENTATIVE
264,x35bda69-660b2fc8-6dec,2024-04-02,7200000,1712009160000,2024-04-02 00:06:00,28140000,0,5760000,17040000,5340000,180000,,-1,ENHANCED_FINAL
265,x35bda69-660c7d88-6450,2024-04-03,7200000,1712094600000,2024-04-02 23:50:00,25680000,0,4020000,14760000,6900000,240000,,-1,ENHANCED_FINAL
266,x35bda69-660dcff8-6720,2024-04-04,7200000,1712181240000,2024-04-03 23:54:00,26400000,0,4680000,15840000,5880000,300000,,-1,ENHANCED_TENTATIVE
267,x35bda69-660f2da8-5ab4,2024-04-05,7200000,1712270760000,2024-04-05 00:46:00,23220000,0,960000,19380000,2880000,0,,-1,ENHANCED_FINAL
268,x35bda69-6610677c-75a8,2024-04-06,7200000,1712351100000,2024-04-05 23:05:00,30120000,0,4320000,17160000,8640000,420000,,-1,ENHANCED_TENTATIVE
269,x35bda69-6611bd70-7440,2024-04-07,7200000,1712438640000,2024-04-06 23:24:00,29760000,0,3660000,21660000,4440000,900000,,-1,ENHANCED_FINAL
270,x35bda69-661319f4-5ab4,2024-04-08,7200000,1712527860000,2024-04-08 00:11:00,23220000,0,3600000,13680000,5940000,60000,,-1,ENHANCED_FINAL
271,x35bda69-6614709c-52f8,2024-04-09,7200000,1712615580000,2024-04-09 00:33:00,21240000,0,4080000,12240000,4920000,180000,,-1,ENHANCED_TENTATIVE
272,x35bda69-6615aa70-6d74,2024-04-10,7200000,1712695920000,2024-04-09 22:52:00,28020000,0,5220000,16680000,6120000,180000,,-1,ENHANCED_TENTATIVE
273,x35bda69-661716e4-5244,2024-04-11,7200000,1712789220000,2024-04-11 00:47:00,21060000,0,3840000,12600000,4620000,240000,,-1,ENHANCED_TENTATIVE
274,x35bda69-66184fc8-5208,2024-04-12,7200000,1712869320000,2024-04-11 23:02:00,21000000,0,0,14820000,6180000,120000,,-1,ENHANCED_FINAL
275,x35bda69-6619a01c-7134,2024-04-13,7200000,1712955420000,2024-04-12 22:57:00,28980000,0,3000000,16560000,9420000,300000,,-1,ENHANCED_FINAL
276,x35bda69-661af430-75a8,2024-04-14,7200000,1713042480000,2024-04-13 23:08:00,30120000,0,4920000,19860000,5340000,360000,,-1,ENHANCED_FINAL
277,x35bda69-661c4c7c-657c,2024-04-15,7200000,1713130620000,2024-04-14 23:37:00,25980000,0,3900000,17940000,4140000,240000,,-1,ENHANCED_FINAL
278,x35bda69-661d9ab4-684c,2024-04-16,7200000,1713216180000,2024-04-15 23:23:00,26700000,0,6780000,14520000,5400000,180000,,-1,ENHANCED_FINAL
279,x35bda69-661ef828-5a78,2024-04-17,7200000,1713305640000,2024-04-17 00:14:00,23160000,0,3300000,16920000,2940000,660000,,-1,ENHANCED_FINAL
280,x35bda69-662049a8-5f64,2024-04-18,7200000,1713392040000,2024-04-18 00:14:00,24420000,0,5280000,13680000,5460000,240000,,-1,ENHANCED_FINAL
281,x35bda69-6621855c-6fcc,2024-04-19,7200000,1713472860000,2024-04-18 22:41:00,28620000,0,5760000,17880000,4980000,120000,,-1,ENHANCED_FINAL
282,x35bda69-6622e258-68c4,2024-04-20,7200000,1713562200000,2024-04-19 23:30:00,26820000,0,5700000,13260000,7860000,180000,,-1,ENHANCED_FINAL
283,x35bda69-66243c48-6414,2024-04-21,7200000,1713650760000,2024-04-21 00:06:00,25620000,0,5880000,14160000,5580000,300000,,-1,ENHANCED_FINAL
284,x35bda69-66258558-6f54,2024-04-22,7200000,1713735000000,2024-04-21 23:30:00,28500000,0,5040000,17280000,6180000,180000,,-1,ENHANCED_FINAL
285,x35bda69-6626cfd0-6e28,2024-04-23,7200000,1713819600000,2024-04-22 23:00:00,28200000,0,2640000,19740000,5820000,300000,,-1,ENHANCED_FINAL
286,x35bda69-66281d18-6cc0,2024-04-24,7200000,1713904920000,2024-04-23 22:42:00,27840000,0,8400000,14880000,4560000,1140000,,-1,ENHANCED_FINAL
287,x35bda69-66298194-5c58,2024-04-25,7200000,1713996180000,2024-04-25 00:03:00,23640000,0,2700000,15900000,5040000,240000,,-1,ENHANCED_FINAL
288,x35bda69-662ac2e8-56b8,2024-04-26,7200000,1714078440000,2024-04-25 22:54:00,22200000,0,3420000,15420000,3360000,60000,,-1,ENHANCED_FINAL
289,x35bda69-662c2cc8-5820,2024-04-27,7200000,1714171080000,2024-04-27 00:38:00,22560000,0,4740000,13200000,4620000,120000,,-1,ENHANCED_FINAL
290,x35bda69-662d7a4c-6b58,2024-04-28,7200000,1714256460000,2024-04-28 00:21:00,27480000,0,2700000,17340000,7440000,300000,,-1,ENHANCED_FINAL
291,x35bda69-662ece60-594c,2024-04-29,7200000,1714343520000,2024-04-29 00:32:00,22860000,0,3120000,16980000,2760000,120000,,-1,ENHANCED_FINAL
292,x35bda69-66301af4-5ab4,2024-04-30,7200000,1714428660000,2024-04-30 00:11:00,23220000,0,5340000,14820000,3060000,0,,-1,ENHANCED_TENTATIVE
293,x35bda69-66316404-7008,2024-05-01,7200000,1714512900000,2024-04-30 23:35:00,28680000,0,6120000,17940000,4620000,420000,,-1,ENHANCED_FINAL
294,x35bda69-6632a300-71ac,2024-05-02,7200000,1714594560000,2024-05-01 22:16:00,29100000,2520000,2100000,20160000,4320000,360000,,-1,ENHANCED_FINAL
295,x35bda69-66340a10-4998,2024-05-03,7200000,1714686480000,2024-05-02 23:48:00,18840000,0,2880000,13440000,2520000,180000,,-1,ENHANCED_FINAL
296,x35bda69-663565e0-5be0,2024-05-04,7200000,1714775520000,2024-05-04 00:32:00,23520000,0,4140000,11280000,8100000,360000,,-1,ENHANCED_FINAL
297,x35bda69-6636a2c0-6c48,2024-05-05,7200000,1714856640000,2024-05-04 23:04:00,27720000,0,6660000,13800000,7260000,120000,,-1,ENHANCED_FINAL
298,x35bda69-6637fb0c-675c,2024-05-06,7200000,1714944780000,2024-05-05 23:33:00,26460000,0,5460000,16080000,4920000,480000,,-1,ENHANCED_FINAL
299,x35bda69-66395970-5820,2024-05-07,7200000,1715034480000,2024-05-07 00:28:00,22560000,0,3060000,17580000,1920000,60000,,-1,ENHANCED_FINAL
300,x35bda69-663aadc0-5640,2024-05-08,7200000,1715121600000,2024-05-08 00:40:00,22080000,0,3780000,15360000,2940000,0,,-1,ENHANCED_TENTATIVE
301,x35bda69-663c0738-5514,2024-05-09,7200000,1715210040000,2024-05-09 01:14:00,21780000,0,4440000,11100000,6240000,60000,,-1,ENHANCED_FINAL
302,x35bda69-663d4a6c-63d8,2024-05-10,7200000,1715292780000,2024-05-10 00:13:00,25560000,0,1980000,15780000,7800000,120000,,-1,ENHANCED_FINAL
303,x35bda69-663e8ff8-78f0,2024-05-11,7200000,1715376120000,2024-05-10 23:22:00,30960000,0,1680000,20460000,8820000,120000,,-1,ENHANCED_FINAL
304,x35bda69-663fee98-6ea0,2024-05-12,7200000,1715465880000,2024-05-12 00:18:00,28320000,0,4980000,18840000,4500000,0,,-1,ENHANCED_FINAL
305,x35bda69-66413640-6888,2024-05-13,7200000,1715549760000,2024-05-12 23:36:00,26760000,0,4140000,15420000,7200000,120000,,-1,ENHANCED_FINAL
306,x35bda69-664284b4-69b4,2024-05-14,7200000,1715635380000,2024-05-13 23:23:00,27060000,0,2940000,14280000,9840000,240000,,-1,ENHANCED_FINAL
307,x35bda69-6643db20-64c8,2024-05-15,7200000,1715723040000,2024-05-14 23:44:00,25800000,0,2160000,18180000,5460000,360000,,-1,ENHANCED_FINAL
308,x35bda69-664521d8-7170,2024-05-16,7200000,1715806680000,2024-05-15 22:58:00,29040000,0,1920000,17940000,9180000,480000,,-1,ENHANCED_FINAL
309,x35bda69-664685dc-5604,2024-05-17,7200000,1715897820000,2024-05-17 00:17:00,22020000,0,3120000,14280000,4620000,840000,,-1,ENHANCED_FINAL
310,x35bda69-6647daa4-4e48,2024-05-18,7200000,1715985060000,2024-05-18 00:31:00,20040000,720000,5460000,8820000,5040000,60000,,-1,ENHANCED_TENTATIVE
311,x35bda69-66490c80-7c38,2024-05-19,7200000,1716063360000,2024-05-18 22:16:00,31800000,0,3120000,18180000,10500000,540000,,-1,ENHANCED_TENTATIVE
312,x35bda69-664a5e3c-7440,2024-05-20,7200000,1716149820000,2024-05-19 22:17:00,29760000,0,3540000,17820000,8400000,1020000,,-1,ENHANCED_TENTATIVE
313,x35bda69-664bb9d0-74f4,2024-05-21,7200000,1716238800000,2024-05-20 23:00:00,29940000,0,4320000,19140000,6480000,0,,-1,ENHANCED_FINAL
314,x35bda69-664d10f0-6978,2024-05-22,7200000,1716326640000,2024-05-21 23:24:00,27000000,0,2460000,19620000,4920000,180000,,-1,ENHANCED_FINAL
315,x35bda69-664e6ae0-5988,2024-05-23,7200000,1716415200000,2024-05-23 00:00:00,22920000,0,3120000,15300000,4500000,120000,,-1,ENHANCED_FINAL
316,x35bda69-664fb3b4-4d94,2024-05-24,7200000,1716499380000,2024-05-23 23:23:00,19860000,960000,7440000,8940000,2520000,60000,,-1,ENHANCED_TENTATIVE
317,x35bda69-66511c2c-657c,2024-05-25,7200000,1716591660000,2024-05-25 01:01:00,25980000,0,1860000,17700000,6420000,360000,,-1,ENHANCED_TENTATIVE
318,x35bda69-6652590c-6e28,2024-05-26,7200000,1716672780000,2024-05-25 23:33:00,28200000,0,1200000,20940000,6060000,720000,,-1,ENHANCED_FINAL
319,x35bda69-6653ae10-6324,2024-05-27,7200000,1716760080000,2024-05-26 23:48:00,25380000,0,6240000,17580000,1560000,180000,,-1,ENHANCED_TENTATIVE
320,x35bda69-66550350-576c,2024-05-28,7200000,1716847440000,2024-05-28 00:04:00,22380000,0,2760000,12300000,7320000,120000,,-1,ENHANCED_FINAL
321,x35bda69-665656b0-5a00,2024-05-29,7200000,1716934320000,2024-05-29 00:12:00,23040000,0,1920000,15780000,5340000,0,,-1,ENHANCED_FINAL
322,x35bda69-6657a290-6504,2024-05-30,7200000,1717019280000,2024-05-29 23:48:00,25860000,0,5640000,15420000,4800000,120000,,-1,ENHANCED_FINAL
323,x35bda69-6658f014-57e4,2024-05-31,7200000,1717104660000,2024-05-30 23:31:00,22500000,0,4620000,13860000,4020000,300000,,-1,ENHANCED_TENTATIVE
324,x35bda69-665a4be4-657c,2024-06-01,7200000,1717193700000,2024-06-01 00:15:00,25980000,0,4980000,17280000,3720000,60000,,-1,ENHANCED_FINAL
325,x35bda69-665b8f54-6a68,2024-06-02,7200000,1717276500000,2024-06-01 23:15:00,27240000,0,2640000,16620000,7980000,540000,,-1,ENHANCED_FINAL
326,x35bda69-665cf1f0-55c8,2024-06-03,7200000,1717367280000,2024-06-03 00:28:00,21960000,0,6780000,13560000,1620000,240000,,-1,ENHANCED_FINAL
327,x35bda69-665e2ed0-7314,2024-06-04,7200000,1717448400000,2024-06-03 23:00:00,29460000,0,6600000,16140000,6720000,120000,,-1,ENHANCED_FINAL
328,x35bda69-665f8adc-5dfc,2024-06-05,7200000,1717537500000,2024-06-04 23:45:00,24060000,0,8280000,13860000,1920000,900000,,-1,ENHANCED_FINAL
329,x35bda69-6660d158-6cfc,2024-06-06,7200000,1717621080000,2024-06-05 22:58:00,27900000,0,3840000,19380000,4680000,480000,,-1,ENHANCED_FINAL
330,x35bda69-666219f0-5d84,2024-06-07,7200000,1717705200000,2024-06-06 22:20:00,23940000,0,2700000,15420000,5820000,420000,,-1,ENHANCED_FINAL
331,x35bda69-6663705c-71e8,2024-06-08,7200000,1717792860000,2024-06-07 22:41:00,29160000,0,5460000,16920000,6780000,840000,,-1,ENHANCED_FINAL
332,x35bda69-6664d76c-6db0,2024-06-09,7200000,1717884780000,2024-06-09 00:13:00,28080000,0,3600000,18120000,6360000,120000,,-1,ENHANCED_FINAL
333,x35bda69-66662694-6054,2024-06-10,7200000,1717970580000,2024-06-10 00:03:00,24660000,0,3000000,15180000,6480000,540000,,-1,ENHANCED_FINAL
334,x35bda69-66677058-657c,2024-06-11,7200000,1718055000000,2024-06-10 23:30:00,25980000,0,4140000,18780000,3060000,300000,,-1,ENHANCED_FINAL
335,x35bda69-6668c340-6b94,2024-06-12,7200000,1718141760000,2024-06-11 23:36:00,27540000,0,3360000,16020000,8160000,60000,,-1,ENHANCED_FINAL
336,x35bda69-666a104c-6e28,2024-06-13,7200000,1718227020000,2024-06-12 23:17:00,28200000,0,4560000,19440000,4200000,420000,,-1,ENHANCED_FINAL
337,x35bda69-666b6208-666c,2024-06-14,7200000,1718313480000,2024-06-13 23:18:00,26220000,0,5340000,15900000,4980000,540000,,-1,ENHANCED_FINAL
338,x35bda69-666cba18-6a2c,2024-06-15,7200000,1718401560000,2024-06-14 23:46:00,27180000,0,3540000,16740000,6900000,240000,,-1,ENHANCED_FINAL
339,x35bda69-666e2470-5118,2024-06-16,7200000,1718494320000,2024-06-16 01:32:00,20760000,0,4260000,11220000,5280000,120000,,-1,ENHANCED_FINAL
340,x35bda69-666f681c-5cd0,2024-06-17,7200000,1718577180000,2024-06-17 00:33:00,23760000,0,5400000,14820000,3540000,180000,,-1,ENHANCED_FINAL
341,x35bda69-6670b474-5eec,2024-06-18,7200000,1718662260000,2024-06-18 00:11:00,24300000,960000,1020000,19200000,3120000,120000,,-1,ENHANCED_FINAL
342,x35bda69-6672057c-6234,2024-06-19,7200000,1718748540000,2024-06-19 00:09:00,25140000,0,4560000,18120000,2460000,420000,,-1,ENHANCED_FINAL
343,x35bda69-66736278-5820,2024-06-20,7200000,1718837880000,2024-06-20 00:58:00,22560000,0,6300000,12900000,3360000,300000,,-1,ENHANCED_FINAL
344,x35bda69-6674a7c8-5eb0,2024-06-21,7200000,1718921160000,2024-06-21 00:06:00,24240000,0,5340000,14520000,4380000,180000,,-1,ENHANCED_TENTATIVE
345,x35bda69-6675f330-68c4,2024-06-22,7200000,1719006000000,2024-06-21 23:40:00,26820000,0,9240000,12840000,4740000,180000,,-1,ENHANCED_FINAL
346,x35bda69-66774a50-6090,2024-06-23,7200000,1719093840000,2024-06-23 00:04:00,24720000,0,3120000,17760000,3840000,360000,,-1,ENHANCED_FINAL
347,x35bda69-66789b58-5eb0,2024-06-24,7200000,1719180120000,2024-06-24 00:02:00,24240000,0,10920000,11340000,1980000,300000,,-1,ENHANCED_FINAL
348,x35bda69-6679e774-6414,2024-06-25,7200000,1719265140000,2024-06-24 23:39:00,25620000,0,5400000,15600000,4620000,60000,,-1,ENHANCED_FINAL
349,x35bda69-667b41a0-5a00,2024-06-26,7200000,1719353760000,2024-06-26 00:16:00,23040000,0,2520000,15420000,5100000,120000,,-1,ENHANCED_FINAL
350,x35bda69-667c7430-78f0,2024-06-27,7200000,1719432240000,2024-06-26 22:04:00,30960000,0,2100000,25380000,3480000,360000,,-1,ENHANCED_TENTATIVE
351,x35bda69-667de464-6270,2024-06-28,7200000,1719526500000,2024-06-28 00:15:00,25200000,0,4560000,17880000,2760000,420000,,-1,ENHANCED_TENTATIVE
352,x35bda69-668094c0-5730,2024-06-30,7200000,1719702720000,2024-06-30 01:12:00,22320000,0,1860000,12720000,7740000,240000,,-1,ENHANCED_FINAL
353,x35bda69-6681d4e8-61f8,2024-07-01,7200000,1719784680000,2024-06-30 23:58:00,25080000,0,4500000,13140000,7440000,900000,,-1,ENHANCED_FINAL
354,x35bda69-66831b28-693c,2024-07-02,7200000,1719868200000,2024-07-01 23:10:00,26940000,0,3420000,18600000,4920000,120000,,-1,ENHANCED_FINAL
355,x35bda69-6684897c-56f4,2024-07-03,7200000,1719961980000,2024-07-03 01:13:00,22260000,0,4920000,12300000,5040000,360000,,-1,ENHANCED_FINAL
356,x35bda69-6685d340-5190,2024-07-04,7200000,1720046400000,2024-07-04 00:40:00,20880000,0,7260000,10860000,2760000,540000,,-1,ENHANCED_TENTATIVE
357,x35bda69-66870eb8-69b4,2024-07-05,7200000,1720127160000,2024-07-04 23:06:00,27060000,0,4860000,15660000,6540000,240000,,-1,ENHANCED_TENTATIVE
358,x35bda69-66886b78-62ac,2024-07-06,7200000,1720216440000,2024-07-05 23:54:00,25260000,1800000,2460000,18780000,2220000,480000,,-1,ENHANCED_TENTATIVE
359,x35bda69-6689c8ec-5dc0,2024-07-07,7200000,1720305900000,2024-07-07 00:45:00,24000000,0,3600000,14580000,5820000,300000,,-1,ENHANCED_TENTATIVE
360,x35bda69-668b0af4-6018,2024-07-08,7200000,1720388340000,2024-07-07 23:39:00,24600000,0,4020000,14160000,6420000,0,,-1,ENHANCED_TENTATIVE
361,x35bda69-668c6598-5244,2024-07-09,7200000,1720477080000,2024-07-09 00:18:00,21060000,0,5460000,11820000,3780000,0,,-1,ENHANCED_FINAL
362,x35bda69-668db628-5cd0,2024-07-10,7200000,1720563240000,2024-07-10 00:14:00,23760000,0,3000000,13560000,7200000,300000,,-1,ENHANCED_FINAL
363,x35bda69-668f0370-5cd0,2024-07-11,7200000,1720648560000,2024-07-10 23:56:00,23760000,0,1920000,18300000,3540000,120000,,-1,ENHANCED_FINAL
364,x35bda69-6690552c-5dc0,2024-07-12,7200000,1720735020000,2024-07-11 23:57:00,24000000,0,4800000,13380000,5820000,300000,,-1,ENHANCED_FINAL
365,x35bda69-66918ff0-7800,2024-07-13,7200000,1720815600000,2024-07-12 22:20:00,30720000,0,4680000,19980000,6060000,0,,-1,ENHANCED_FINAL
366,x35bda69-669303e4-5b2c,2024-07-14,7200000,1720910820000,2024-07-14 00:47:00,23340000,0,3300000,13980000,6060000,240000,,-1,ENHANCED_FINAL
367,x35bda69-66944f88-5604,2024-07-15,7200000,1720995720000,2024-07-15 00:22:00,22020000,0,6720000,10080000,5220000,240000,,-1,ENHANCED_FINAL
368,x35bda69-66959fdc-55c8,2024-07-16,7200000,1721081820000,2024-07-16 00:17:00,21960000,0,2940000,14280000,4740000,360000,,-1,ENHANCED_FINAL
369,x35bda69-6696e3c4-6e64,2024-07-17,7200000,1721164740000,2024-07-16 23:19:00,28260000,0,6900000,12840000,8520000,360000,,-1,ENHANCED_FINAL
370,x35bda69-66984174-61bc,2024-07-18,7200000,1721254260000,2024-07-18 00:11:00,25020000,0,4440000,15960000,4620000,180000,,-1,ENHANCED_FINAL
371,x35bda69-66998b38-5a78,2024-07-19,7200000,1721338680000,2024-07-18 23:38:00,23160000,0,4740000,14760000,3660000,240000,,-1,ENHANCED_FINAL
372,x35bda69-669ad718-7404,2024-07-20,7200000,1721423640000,2024-07-19 23:14:00,29700000,0,4380000,15240000,10080000,180000,,-1,ENHANCED_FINAL
373,x35bda69-669c2154-7b0c,2024-07-21,7200000,1721508180000,2024-07-20 22:43:00,31500000,0,6000000,20820000,4680000,660000,,-1,ENHANCED_FINAL
374,x35bda69-669d83f0-5af0,2024-07-22,7200000,1721598960000,2024-07-21 23:56:00,23280000,0,7140000,11520000,4620000,0,,-1,ENHANCED_FINAL
375,x35bda69-669ecb98-6a2c,2024-07-23,7200000,1721682840000,2024-07-22 23:14:00,27180000,0,8340000,14340000,4500000,300000,,-1,ENHANCED_FINAL
376,x35bda69-66a0380c-4fec,2024-07-24,7200000,1721776140000,2024-07-24 01:09:00,20460000,0,3240000,12900000,4320000,0,,-1,ENHANCED_TENTATIVE
377,x35bda69-66a1802c-59c4,2024-07-25,7200000,1721860140000,2024-07-25 00:29:00,22980000,0,5280000,12840000,4860000,0,,-1,ENHANCED_FINAL
378,x35bda69-66a2c8c4-585c,2024-07-26,7200000,1721944260000,2024-07-25 23:51:00,22620000,0,4680000,10260000,7680000,0,,-1,ENHANCED_FINAL
379,x35bda69-66a42b9c-5730,2024-07-27,7200000,1722035100000,2024-07-27 01:05:00,22320000,0,3840000,14760000,3720000,60000,,-1,ENHANCED_FINAL
380,x35bda69-66a571dc-6b58,2024-07-28,7200000,1722118620000,2024-07-28 00:17:00,27480000,0,5520000,13680000,8280000,360000,,-1,ENHANCED_FINAL
381,x35bda69-66a6c9ec-5334,2024-07-29,7200000,1722206700000,2024-07-29 00:45:00,21300000,0,2520000,11100000,7680000,300000,,-1,ENHANCED_FINAL
382,x35bda69-66a817e8-5ab4,2024-07-30,7200000,1722292200000,2024-07-30 00:30:00,23220000,0,5820000,11760000,5640000,240000,,-1,ENHANCED_FINAL
383,x35bda69-66a968f0-5d48,2024-07-31,7200000,1722378480000,2024-07-31 00:28:00,23880000,0,3780000,14700000,5400000,240000,,-1,ENHANCED_FINAL
384,x35bda69-66aac790-53e8,2024-08-01,7200000,1722468240000,2024-08-01 01:24:00,21480000,0,6840000,12360000,2280000,300000,,-1,ENHANCED_FINAL
385,x35bda69-66ac185c-5be0,2024-08-02,7200000,1722554460000,2024-08-02 01:21:00,23520000,0,1680000,14820000,7020000,120000,,-1,ENHANCED_FINAL
386,x35bda69-66ad427c-79a4,2024-08-03,7200000,1722630780000,2024-08-02 22:33:00,31140000,0,4620000,18420000,8100000,120000,,-1,ENHANCED_FINAL
387,x35bda69-66ae94b0-79e0,2024-08-04,7200000,1722717360000,2024-08-03 22:36:00,31200000,0,4680000,14700000,11820000,180000,,-1,ENHANCED_FINAL
388,x35bda69-66aff0f8-6e64,2024-08-05,7200000,1722806520000,2024-08-04 23:22:00,28260000,0,5880000,13980000,8400000,180000,,-1,ENHANCED_FINAL
389,x35bda69-66b14854-7080,2024-08-06,7200000,1722894420000,2024-08-05 23:47:00,28800000,1320000,3360000,16020000,8100000,120000,,-1,ENHANCED_FINAL
390,x35bda69-66b28cb4-74f4,2024-08-07,7200000,1722977460000,2024-08-06 22:51:00,29940000,0,3120000,21120000,5700000,180000,,-1,ENHANCED_FINAL
391,x35bda69-66b3e8fc-6bd0,2024-08-08,7200000,1723066620000,2024-08-07 23:37:00,27600000,0,6720000,16560000,4320000,0,,-1,ENHANCED_FINAL
392,x35bda69-66b53518-65b8,2024-08-09,7200000,1723151640000,2024-08-08 23:14:00,26040000,0,6060000,15540000,4440000,120000,,-1,ENHANCED_FINAL
393,x35bda69-66b68800-648c,2024-08-10,7200000,1723238400000,2024-08-09 23:20:00,25740000,0,2220000,16680000,6840000,960000,,-1,ENHANCED_FINAL
394,x35bda69-66b7cb34-8d90,2024-08-11,7200000,1723321140000,2024-08-10 22:19:00,36240000,0,0,21060000,15180000,240000,,-1,ENHANCED_FINAL
395,x35bda69-66b93d48-5c1c,2024-08-12,7200000,1723415880000,2024-08-12 00:38:00,23580000,0,2040000,16980000,4560000,660000,,-1,ENHANCED_TENTATIVE
396,x35bda69-66ba8748-6414,2024-08-13,7200000,1723500360000,2024-08-13 00:06:00,25620000,0,4980000,16020000,4620000,120000,,-1,ENHANCED_TENTATIVE
397,x35bda69-66bbd490-7404,2024-08-14,7200000,1723585680000,2024-08-13 23:48:00,29700000,0,4020000,18300000,7380000,0,,-1,ENHANCED_FINAL
398,x35bda69-66bd2ca0-76d4,2024-08-15,7200000,1723673760000,2024-08-15 00:16:00,30420000,0,6960000,13740000,9720000,120000,,-1,ENHANCED_TENTATIVE
399,x35bda69-66be80f0-6798,2024-08-16,7200000,1723760880000,2024-08-16 00:28:00,26520000,0,7080000,14400000,5040000,240000,,-1,ENHANCED_FINAL
400,x35bda69-66bfcb2c-3ffc,2024-08-17,7200000,1723845420000,2024-08-16 23:57:00,16380000,0,4080000,9840000,2460000,60000,,-1,ENHANCED_FINAL
401,x35bda69-66c0f330-8d18,2024-08-18,7200000,1723921200000,2024-08-17 21:00:00,36120000,0,7320000,20340000,8460000,60000,,-1,ENHANCED_FINAL
402,x35bda69-66c26e68-70bc,2024-08-19,7200000,1724018280000,2024-08-18 23:58:00,28860000,0,4740000,15420000,8700000,120000,,-1,ENHANCED_FINAL
403,x35bda69-66c3be08-6798,2024-08-20,7200000,1724104200000,2024-08-19 23:50:00,26520000,0,840000,15180000,10500000,60000,,-1,ENHANCED_FINAL
404,x35bda69-66c50c40-774c,2024-08-21,7200000,1724189760000,2024-08-20 23:36:00,30540000,0,4260000,20580000,5700000,300000,,-1,ENHANCED_FINAL
405,x35bda69-66c65c94-6cfc,2024-08-22,7200000,1724275860000,2024-08-21 23:31:00,27900000,0,120000,22380000,5400000,300000,,-1,ENHANCED_FINAL
406,x35bda69-66c7b288-6d38,2024-08-23,7200000,1724363400000,2024-08-22 23:50:00,27960000,0,1140000,19620000,7200000,180000,,-1,ENHANCED_FINAL
407,x35bda69-66c90750-61f8,2024-08-24,7200000,1724450640000,2024-08-24 00:04:00,25080000,0,5940000,17940000,1200000,600000,,-1,ENHANCED_FINAL
408,x35bda69-66ca545c-7698,2024-08-25,7200000,1724535900000,2024-08-24 23:45:00,30360000,0,3180000,21300000,5880000,240000,,-1,ENHANCED_FINAL
409,x35bda69-66cbb428-5370,2024-08-26,7200000,1724625960000,2024-08-26 00:46:00,21360000,0,2520000,16020000,2820000,300000,,-1,ENHANCED_FINAL
410,x35bda69-66ccd6c8-8688,2024-08-27,7200000,1724700360000,2024-08-26 21:26:00,34440000,0,6840000,21480000,6120000,180000,,-1,ENHANCED_FINAL
411,x35bda69-66ce4eb8-5d84,2024-08-28,7200000,1724796600000,2024-08-28 00:10:00,23940000,0,4740000,15000000,4200000,120000,,-1,ENHANCED_FINAL
412,x35bda69-66cf9e1c-5ba4,2024-08-29,7200000,1724882460000,2024-08-29 00:01:00,23460000,0,4200000,16260000,3000000,360000,,-1,ENHANCED_FINAL
413,x35bda69-66d0ec18-666c,2024-08-30,7200000,1724967960000,2024-08-29 23:46:00,26220000,0,5580000,17280000,3360000,240000,,-1,ENHANCED_TENTATIVE
414,x35bda69-66d24428-69b4,2024-08-31,7200000,1725056040000,2024-08-31 00:14:00,27060000,0,7920000,13860000,5280000,0,,-1,ENHANCED_FINAL
415,x35bda69-66d38234-72d8,2024-09-01,7200000,1725137460000,2024-08-31 22:51:00,29400000,0,3360000,20700000,5340000,300000,,-1,ENHANCED_TENTATIVE
416,x35bda69-66d4eee4-5dfc,2024-09-02,7200000,1725230820000,2024-09-02 00:47:00,24060000,0,4860000,14700000,4500000,300000,,-1,ENHANCED_TENTATIVE
417,x35bda69-66d63614-6108,2024-09-03,7200000,1725314580000,2024-09-03 00:03:00,24840000,0,3300000,17700000,3840000,240000,,-1,ENHANCED_TENTATIVE
