Ora di inizio ciclo,Ora di fine ciclo,Fuso orario ciclo,Inizio del sonno,Inizio del risveglio,Andamento del sonno %,Frequenza respiratoria (rpm),Durata del sonno (min),Tempo a letto (min),Durata del sonno leggero (min),Durata profondo (SWS) (min),Durata REM (min),Durata del risveglio (min),Sonno richiesto (min),Sonno arretrato (min),Efficienza del sonno %,Regolarit√† del sonno %,Riposo breve
2024-08-28 00:03:04,,UTC+02:00,2024-08-28 00:03:04,2024-08-28 06:50:11,73,15.6,377,407,148,92,137,30,516,44,92,79,false
2024-08-26 21:25:58,2024-08-28 00:03:04,UTC+02:00,2024-08-26 21:25:58,2024-08-27 07:02:17,88,15.2,509,576,189,90,230,67,578,112,88,61,false
2024-08-26 00:39:09,2024-08-26 21:25:58,UTC+02:00,2024-08-26 00:39:09,2024-08-26 06:43:58,59,16.0,322,364,170,67,85,42,547,57,88,77,false
2024-08-24 23:37:57,2024-08-26 00:39:09,UTC+02:00,2024-08-24 23:37:57,2024-08-25 08:06:29,84,15.6,472,508,200,102,170,36,562,75,93,81,false
2024-08-23 23:57:08,2024-08-24 23:37:57,UTC+02:00,2024-08-23 23:57:08,2024-08-24 07:03:58,71,16.3,380,421,185,78,117,41,532,45,90,85,false
2024-08-23 00:16:13,2024-08-23 23:57:08,UTC+02:00,2024-08-23 00:16:13,2024-08-23 07:32:10,85,15.7,406,435,142,103,161,29,477,72,93,72,false
2024-08-21 23:37:42,2024-08-23 00:16:13,UTC+02:00,2024-08-22 14:37:59,2024-08-22 16:11:43,15,15.9,82,93,57,11,14,11,546,72,87,,true
2024-08-21 23:37:42,2024-08-23 00:16:13,UTC+02:00,2024-08-21 23:37:42,2024-08-22 07:08:35,79,15.3,411,448,163,90,158,37,524,49,92,86,false
2024-08-20 23:30:41,2024-08-21 23:37:42,UTC+02:00,2024-08-20 23:30:41,2024-08-21 07:44:48,85,15.2,441,492,212,116,113,51,518,44,89,77,false
2024-08-19 23:44:39,2024-08-20 23:30:41,UTC+02:00,2024-08-19 23:44:39,2024-08-20 07:11:11,86,15.1,431,444,219,82,130,13,500,17,97,72,false
2024-08-18 23:51:21,2024-08-19 23:44:39,UTC+02:00,2024-08-18 23:51:21,2024-08-19 07:28:27,94,15.8,426,449,151,93,182,23,454,36,96,58,false
2024-08-17 20:56:48,2024-08-18 23:51:21,UTC+02:00,2024-08-18 15:03:35,2024-08-18 16:07:02,10,16.2,51,63,37,12,2,12,499,36,85,,true
2024-08-17 20:56:48,2024-08-18 23:51:21,UTC+02:00,2024-08-17 20:56:48,2024-08-18 06:52:50,90,15.5,546,594,249,116,181,48,603,127,92,47,false
2024-08-17 00:12:07,2024-08-17 20:56:48,UTC+02:00,2024-08-17 00:12:07,2024-08-17 04:31:11,41,15.3,237,257,160,31,46,20,580,74,93,90,false
2024-08-16 00:20:27,2024-08-17 00:12:07,UTC+02:00,2024-08-16 00:20:27,2024-08-16 07:52:16,78,15.8,410,451,139,105,166,41,527,50,91,81,false
2024-08-15 00:09:02,2024-08-16 00:20:27,UTC+02:00,2024-08-15 00:09:02,2024-08-15 08:40:56,86,15.6,482,511,255,99,128,29,561,90,94,77,false
2024-08-13 23:42:03,2024-08-15 00:09:02,UTC+02:00,2024-08-13 23:42:03,2024-08-14 07:57:37,76,15.6,453,495,210,84,159,42,594,112,91,76,false
2024-08-12 23:58:52,2024-08-13 23:42:03,UTC+02:00,2024-08-12 23:58:52,2024-08-13 06:56:34,63,15.6,381,415,157,77,147,34,607,127,92,74,false
2024-08-12 02:46:33,2024-08-12 23:58:52,UTC+02:00,2024-08-12 02:46:33,2024-08-12 07:17:38,46,15.0,251,271,113,44,94,20,549,62,92,51,false
2024-08-10 22:59:13,2024-08-12 02:46:33,UTC+02:00,2024-08-10 22:59:13,2024-08-11 08:25:57,84,15.4,493,566,390,33,70,73,589,109,87,74,false
2024-08-10 00:09:22,2024-08-10 22:59:13,UTC+02:00,2024-08-10 00:09:22,2024-08-10 07:02:15,61,18.4,346,409,206,65,75,63,565,94,86,82,false
2024-08-08 23:08:56,2024-08-10 00:09:22,UTC+02:00,2024-08-08 23:08:56,2024-08-09 06:31:10,68,15.6,394,429,159,104,131,35,584,90,92,85,false
2024-08-07 23:31:07,2024-08-08 23:08:56,UTC+02:00,2024-08-07 23:31:07,2024-08-08 06:33:08,68,15.7,387,422,162,93,132,35,569,78,92,91,false
2024-08-06 22:40:34,2024-08-07 23:31:07,UTC+02:00,2024-08-06 22:40:34,2024-08-07 07:11:02,78,16.8,420,507,167,88,165,87,542,53,83,86,false
2024-08-05 23:39:57,2024-08-06 22:40:34,UTC+02:00,2024-08-05 23:39:57,2024-08-06 07:43:01,84,15.1,448,483,84,112,252,35,531,55,93,83,false
2024-08-04 23:25:20,2024-08-05 23:39:57,UTC+02:00,2024-08-04 23:25:20,2024-08-05 07:12:32,84,15.3,442,461,164,104,174,19,528,55,95,82,false
2024-08-03 22:27:46,2024-08-04 23:25:20,UTC+02:00,2024-08-03 22:27:46,2024-08-04 07:11:12,85,15.8,479,521,177,108,194,42,565,82,92,77,false
2024-08-02 22:25:02,2024-08-03 22:27:46,UTC+02:00,2024-08-02 22:25:02,2024-08-03 07:07:59,79,15.4,481,522,214,137,130,41,610,120,92,63,false
2024-08-02 01:15:53,2024-08-02 22:25:02,UTC+02:00,2024-08-02 01:15:53,2024-08-02 07:50:59,60,15.5,366,395,123,83,160,29,608,127,92,87,false
2024-08-01 01:15:29,2024-08-02 01:15:53,UTC+02:00,2024-08-01 01:15:29,2024-08-01 07:23:42,54,15.8,323,366,141,108,74,43,600,122,92,83,false
2024-07-30 00:22:05,2024-08-01 01:15:29,UTC+02:00,2024-07-30 00:22:05,2024-07-30 07:00:34,59,16.3,354,398,129,75,150,44,598,127,89,89,false
2024-07-29 00:35:54,2024-07-30 00:22:05,UTC+02:00,2024-07-29 00:35:54,2024-07-29 06:43:37,51,15.8,315,367,102,94,119,52,616,127,86,85,false
2024-07-28 00:10:43,2024-07-29 00:35:54,UTC+02:00,2024-07-28 00:10:43,2024-07-28 07:49:45,67,15.5,423,459,179,93,151,36,627,127,92,83,false
2024-07-27 01:00:02,2024-07-28 00:10:43,UTC+02:00,2024-07-27 01:00:02,2024-07-27 07:01:30,54,16.1,336,358,182,63,91,22,620,121,94,83,false
2024-07-25 23:41:38,2024-07-27 01:00:02,UTC+02:00,2024-07-25 23:41:38,2024-07-26 07:24:59,69,15.5,416,463,203,89,124,47,605,116,89,82,false
2024-07-25 00:25:06,2024-07-25 23:41:38,UTC+02:00,2024-07-25 00:25:06,2024-07-25 06:51:33,62,15.3,378,385,219,71,88,7,611,127,98,84,false
2024-07-24 01:14:00,2024-07-25 00:25:06,UTC+02:00,2024-07-24 01:14:00,2024-07-24 06:47:06,53,15.1,316,333,114,75,127,17,594,106,94,71,false
2024-07-22 23:08:59,2024-07-24 01:14:00,UTC+02:00,2024-07-22 23:08:59,2024-07-23 06:50:53,71,15.6,404,460,117,127,160,56,570,99,87,84,false
2024-07-21 23:51:11,2024-07-22 23:08:59,UTC+02:00,2024-07-21 23:51:11,2024-07-22 06:23:53,71,15.6,373,389,152,68,153,16,528,67,95,83,false
2024-07-20 22:35:58,2024-07-21 23:51:11,UTC+02:00,2024-07-20 22:35:58,2024-07-21 07:38:09,81,15.5,459,528,173,103,183,69,563,93,86,82,false
2024-07-19 23:07:34,2024-07-20 22:35:58,UTC+02:00,2024-07-19 23:07:34,2024-07-20 07:28:54,75,15.6,442,498,138,109,195,56,588,122,88,83,false
2024-07-18 23:29:15,2024-07-19 23:07:34,UTC+02:00,2024-07-18 23:29:15,2024-07-19 06:05:48,59,16.1,350,396,125,94,131,46,596,127,89,89,false
2024-07-18 00:00:44,2024-07-18 23:29:15,UTC+02:00,2024-07-18 00:00:44,2024-07-18 07:10:26,66,15.6,397,427,148,93,156,30,603,113,93,89,false
2024-07-16 23:18:52,2024-07-18 00:00:44,UTC+02:00,2024-07-16 23:18:52,2024-07-17 07:08:28,71,15.7,429,469,149,106,174,40,605,127,92,80,false
2024-07-16 00:14:09,2024-07-16 23:18:52,UTC+02:00,2024-07-16 00:14:09,2024-07-16 06:26:11,55,16.2,324,370,137,76,111,46,594,124,87,86,false
2024-07-15 00:13:22,2024-07-16 00:14:09,UTC+02:00,2024-07-15 00:13:22,2024-07-15 06:30:12,58,15.6,340,376,197,74,69,36,590,114,90,79,false
2024-07-14 00:52:43,2024-07-15 00:13:22,UTC+02:00,2024-07-14 00:52:43,2024-07-14 07:19:10,67,15.0,360,382,147,74,139,22,539,70,94,72,false
2024-07-12 22:11:49,2024-07-14 00:52:43,UTC+02:00,2024-07-12 22:11:49,2024-07-13 06:46:08,82,15.9,486,514,141,141,204,28,595,127,94,73,false
2024-07-11 23:50:18,2024-07-12 22:11:49,UTC+02:00,2024-07-11 23:50:18,2024-07-12 05:59:28,58,15.9,346,369,182,82,82,23,601,106,94,90,false
2024-07-11 00:11:21,2024-07-11 23:50:18,UTC+02:00,2024-07-11 00:11:21,2024-07-11 06:29:37,63,14.6,366,378,200,62,104,12,580,111,96,92,false
2024-07-10 00:05:45,2024-07-11 00:11:21,UTC+02:00,2024-07-10 00:05:45,2024-07-10 06:51:54,63,14.9,375,406,117,99,159,31,599,127,92,89,false
2024-07-09 00:11:59,2024-07-10 00:05:45,UTC+02:00,2024-07-09 00:11:59,2024-07-09 06:06:13,54,15.4,313,354,127,74,112,41,585,109,89,89,false
2024-07-07 23:32:05,2024-07-09 00:11:59,UTC+02:00,2024-07-07 23:32:05,2024-07-08 06:53:48,71,14.9,412,441,184,97,131,29,583,111,94,86,false
2024-07-07 00:37:19,2024-07-07 23:32:05,UTC+02:00,2024-07-07 00:37:19,2024-07-07 07:28:17,62,15.4,370,410,186,49,135,40,592,127,91,83,false
2024-07-05 23:45:12,2024-07-07 00:37:19,UTC+02:00,2024-07-05 23:45:12,2024-07-06 07:01:42,66,15.6,399,436,123,79,197,37,603,127,92,85,false
2024-07-04 23:29:11,2024-07-05 23:45:12,UTC+02:00,2024-07-04 23:29:11,2024-07-05 06:39:51,66,15.5,397,430,132,120,145,33,599,127,92,81,false
2024-07-04 00:33:49,2024-07-04 23:29:11,UTC+02:00,2024-07-04 00:33:49,2024-07-04 06:32:23,56,15.0,333,356,150,89,94,23,596,123,94,83,false
2024-07-03 01:12:54,2024-07-04 00:33:49,UTC+02:00,2024-07-03 01:12:54,2024-07-03 07:28:46,59,15.0,348,375,157,61,130,27,595,94,92,77,false
2024-07-01 23:03:44,2024-07-03 01:12:54,UTC+02:00,2024-07-01 23:03:44,2024-07-02 06:39:54,75,14.9,430,456,180,106,144,26,577,111,95,83,false
2024-06-30 23:51:10,2024-07-01 23:03:44,UTC+02:00,2024-06-30 23:51:10,2024-07-01 07:10:00,70,14.7,409,438,176,83,150,29,583,121,94,87,false
2024-06-30 01:11:22,2024-06-30 23:51:10,UTC+02:00,2024-06-30 01:11:22,2024-06-30 07:15:42,59,14.5,342,360,132,58,152,18,584,114,95,77,false
2024-06-28 23:33:04,2024-06-30 01:11:22,UTC+02:00,2024-06-28 23:33:04,2024-06-29 07:32:46,72,14.6,447,476,129,100,218,29,624,98,94,84,false
2024-06-28 00:24:26,2024-06-28 23:33:04,UTC+02:00,2024-06-28 00:24:26,2024-06-28 07:04:20,65,14.5,367,397,140,79,148,30,563,91,93,86,false
2024-06-26 22:55:24,2024-06-28 00:24:26,UTC+02:00,2024-06-26 22:55:24,2024-06-27 06:44:03,75,15.5,431,468,172,95,164,37,573,106,93,85,false
2024-06-26 00:09:52,2024-06-26 22:55:24,UTC+02:00,2024-06-26 00:09:52,2024-06-26 07:01:47,64,14.9,383,411,229,54,100,28,596,122,93,92,false
2024-06-24 23:34:00,2024-06-26 00:09:52,UTC+02:00,2024-06-24 23:34:00,2024-06-25 06:46:07,68,15.2,402,432,259,60,83,30,592,124,93,95,false
2024-06-23 23:54:44,2024-06-24 23:34:00,UTC+02:00,2024-06-23 23:54:44,2024-06-24 06:51:28,66,15.1,379,415,232,61,86,36,572,104,92,95,false
2024-06-23 00:00:53,2024-06-23 23:54:44,UTC+02:00,2024-06-23 00:00:53,2024-06-23 06:53:47,64,14.5,379,412,223,55,101,33,588,111,92,93,false
2024-06-21 23:36:59,2024-06-23 00:00:53,UTC+02:00,2024-06-21 23:36:59,2024-06-22 06:52:57,70,15.3,409,433,163,86,160,24,582,107,95,88,false
2024-06-21 00:03:22,2024-06-21 23:36:59,UTC+02:00,2024-06-21 00:03:22,2024-06-21 06:52:53,64,15.7,385,409,214,68,103,24,601,117,94,93,false
2024-06-20 00:52:25,2024-06-21 00:03:22,UTC+02:00,2024-06-20 00:52:25,2024-06-20 07:13:07,59,14.8,336,380,230,39,67,44,572,108,89,90,false
2024-06-19 00:06:59,2024-06-20 00:52:25,UTC+02:00,2024-06-19 00:06:59,2024-06-19 07:11:53,63,14.5,362,424,157,60,145,62,579,112,85,92,false
2024-06-18 00:07:35,2024-06-19 00:06:59,UTC+02:00,2024-06-18 00:07:35,2024-06-18 06:55:41,62,14.5,370,408,209,62,99,38,594,118,91,89,false
2024-06-17 00:27:34,2024-06-18 00:07:35,UTC+02:00,2024-06-17 00:27:34,2024-06-17 07:10:21,60,13.9,361,402,219,54,88,41,598,127,90,86,false
2024-06-16 01:31:02,2024-06-17 00:27:34,UTC+02:00,2024-06-16 01:31:02,2024-06-16 06:54:02,53,14.3,305,323,164,45,96,18,578,105,95,76,false
2024-06-14 23:49:25,2024-06-16 01:31:02,UTC+02:00,2024-06-14 23:49:25,2024-06-15 07:05:52,71,15.0,402,436,187,77,138,34,566,85,92,92,false
2024-06-13 23:14:15,2024-06-14 23:49:25,UTC+02:00,2024-06-13 23:14:15,2024-06-14 07:05:47,76,15.2,429,467,162,121,146,38,562,90,92,92,false
2024-06-12 23:09:40,2024-06-13 23:14:15,UTC+02:00,2024-06-12 23:09:40,2024-06-13 07:10:48,76,15.5,437,479,245,84,108,42,578,101,91,86,false
2024-06-11 23:50:28,2024-06-12 23:09:40,UTC+02:00,2024-06-11 23:50:28,2024-06-12 07:16:02,73,15.0,417,445,204,65,148,28,575,107,93,88,false
2024-06-10 23:34:12,2024-06-11 23:50:28,UTC+02:00,2024-06-10 23:34:12,2024-06-11 06:42:28,63,15.7,367,428,157,86,124,61,582,105,86,83,false
2024-06-10 00:13:37,2024-06-10 23:34:12,UTC+02:00,2024-06-10 00:13:37,2024-06-10 06:41:02,62,14.1,352,387,206,54,92,35,564,89,91,75,false
2024-06-09 00:05:51,2024-06-10 00:13:37,UTC+02:00,2024-06-09 00:05:51,2024-06-09 08:00:45,76,14.2,438,474,175,83,180,36,577,101,92,71,false
2024-06-07 23:49:39,2024-06-09 00:05:51,UTC+02:00,2024-06-07 23:49:39,2024-06-08 06:57:56,65,14.5,373,428,165,61,147,55,575,99,87,77,false
2024-06-06 22:11:06,2024-06-07 23:49:39,UTC+02:00,2024-06-06 22:11:06,2024-06-07 05:03:59,65,15.4,369,412,146,78,145,43,568,95,89,84,false
2024-06-05 22:56:20,2024-06-06 22:11:06,UTC+02:00,2024-06-05 22:56:20,2024-06-06 06:49:48,74,15.9,431,472,201,98,132,41,580,112,91,88,false
2024-06-04 23:43:51,2024-06-05 22:56:20,UTC+02:00,2024-06-04 23:43:51,2024-06-05 07:07:29,63,15.2,376,441,180,71,125,65,600,117,85,87,false
2024-06-03 22:55:23,2024-06-04 23:43:51,UTC+02:00,2024-06-03 22:55:23,2024-06-04 06:28:10,70,14.8,415,452,195,99,121,37,597,124,93,85,false
2024-06-03 00:12:05,2024-06-03 22:55:23,UTC+02:00,2024-06-03 00:12:05,2024-06-03 06:49:06,58,15.9,339,394,149,99,91,55,588,121,88,84,false
2024-06-01 23:07:25,2024-06-03 00:12:05,UTC+02:00,2024-06-01 23:07:25,2024-06-02 06:52:13,69,14.4,424,462,235,91,98,38,612,127,91,81,false
2024-06-01 00:08:16,2024-06-01 23:07:25,UTC+02:00,2024-06-01 00:08:16,2024-06-01 07:19:54,66,14.2,390,431,160,74,156,41,592,118,93,78,false
2024-05-30 22:27:25,2024-06-01 00:08:16,UTC+02:00,2024-05-30 22:27:25,2024-05-31 05:49:38,69,13.7,418,442,171,99,148,24,602,127,94,76,false
2024-05-29 23:40:18,2024-05-30 22:27:25,UTC+02:00,2024-05-29 23:40:18,2024-05-30 06:59:09,66,13.9,410,438,122,91,197,28,619,127,94,86,false
2024-05-29 00:17:18,2024-05-29 23:40:18,UTC+02:00,2024-05-29 00:17:18,2024-05-29 06:29:49,54,14.3,330,372,176,58,96,42,612,109,89,84,false
2024-05-28 00:04:39,2024-05-29 00:17:18,UTC+02:00,2024-05-28 00:04:39,2024-05-28 06:04:12,62,15.1,349,359,157,42,150,10,567,96,97,82,false
2024-05-26 23:42:51,2024-05-28 00:04:39,UTC+02:00,2024-05-26 23:42:51,2024-05-27 06:51:36,67,13.8,398,428,154,83,161,30,592,119,94,77,false
2024-05-26 00:15:39,2024-05-26 23:42:51,UTC+02:00,2024-05-26 00:15:39,2024-05-26 07:33:32,69,13.7,416,437,217,69,130,21,602,117,95,70,false
2024-05-25 01:10:49,2024-05-26 00:15:39,UTC+02:00,2024-05-25 01:10:49,2024-05-25 08:17:38,62,14.2,389,426,206,53,130,37,624,127,91,58,false
2024-05-23 23:17:32,2024-05-25 01:10:49,UTC+02:00,2024-05-23 23:17:32,2024-05-24 04:52:04,53,14.6,311,332,177,48,86,21,587,101,95,86,false
2024-05-23 00:09:26,2024-05-23 23:17:32,UTC+02:00,2024-05-23 00:09:26,2024-05-23 06:22:26,63,14.9,346,371,186,55,105,25,549,76,94,79,false
2024-05-21 23:22:44,2024-05-23 00:09:26,UTC+02:00,2024-05-21 23:22:44,2024-05-22 06:56:00,72,14.3,385,453,162,84,139,68,538,56,86,80,false
2024-05-20 23:20:21,2024-05-21 23:22:44,UTC+02:00,2024-05-20 23:20:21,2024-05-21 07:13:19,84,15.4,443,472,243,76,124,29,531,59,93,72,false
2024-05-19 20:47:11,2024-05-20 23:20:21,UTC+02:00,2024-05-19 20:47:11,2024-05-20 06:19:51,84,14.9,489,572,256,71,162,83,581,100,85,65,false
2024-05-18 22:17:05,2024-05-19 20:47:11,UTC+02:00,2024-05-18 22:17:05,2024-05-19 06:52:21,75,14.8,468,515,197,80,191,47,623,127,91,72,false
2024-05-18 00:29:12,2024-05-18 22:17:05,UTC+02:00,2024-05-18 00:29:12,2024-05-18 05:56:03,53,14.2,304,326,179,42,83,22,574,94,93,87,false
2024-05-17 00:26:51,2024-05-18 00:29:12,UTC+02:00,2024-05-17 00:26:51,2024-05-17 07:17:49,66,14.5,370,410,155,69,146,40,559,81,90,82,false
2024-05-15 22:50:39,2024-05-17 00:26:51,UTC+02:00,2024-05-15 22:50:39,2024-05-16 07:05:17,78,15.0,455,494,155,79,221,39,582,114,92,84,false
2024-05-14 23:59:59,2024-05-15 22:50:39,UTC+02:00,2024-05-14 23:59:59,2024-05-15 07:00:34,68,15.6,386,419,262,51,73,33,565,95,92,86,false
2024-05-13 23:18:12,2024-05-14 23:59:59,UTC+02:00,2024-05-13 23:18:12,2024-05-14 06:51:57,74,15.2,419,451,226,60,133,32,567,97,92,84,false
2024-05-12 23:39:31,2024-05-13 23:18:12,UTC+02:00,2024-05-12 23:39:31,2024-05-13 07:03:39,73,15.1,414,444,178,81,155,30,565,95,93,84,false
2024-05-12 00:12:31,2024-05-12 23:39:31,UTC+02:00,2024-05-12 00:12:31,2024-05-12 08:07:54,75,14.4,445,475,130,94,221,30,593,94,94,82,false
2024-05-10 23:13:23,2024-05-12 00:12:31,UTC+02:00,2024-05-10 23:13:23,2024-05-11 07:56:20,76,13.9,461,522,167,99,195,61,608,115,88,70,false
2024-05-10 00:19:14,2024-05-10 23:13:23,UTC+02:00,2024-05-10 00:19:14,2024-05-10 07:16:27,62,14.6,368,417,117,78,173,49,599,127,88,81,false
2024-05-09 01:10:08,2024-05-10 00:19:14,UTC+02:00,2024-05-09 01:10:08,2024-05-09 06:29:08,51,14.2,306,319,117,69,120,13,604,117,96,77,false
2024-05-08 00:37:55,2024-05-09 01:10:08,UTC+02:00,2024-05-08 00:37:55,2024-05-08 06:43:41,59,14.8,336,357,168,67,101,21,571,95,94,75,false
2024-05-07 00:24:02,2024-05-08 00:37:55,UTC+02:00,2024-05-07 00:24:02,2024-05-07 06:37:30,64,15.2,342,373,172,72,98,31,533,121,91,65,false
2024-05-05 23:29:19,2024-05-07 00:24:02,UTC+02:00,2024-05-06 20:57:29,2024-05-06 22:08:37,11,15.5,67,69,28,7,32,2,598,121,100,,true
2024-05-05 23:29:19,2024-05-07 00:24:02,UTC+02:00,2024-05-05 23:29:19,2024-05-06 07:01:09,68,14.4,402,451,190,77,135,49,590,102,89,66,false
2024-05-04 22:57:27,2024-05-05 23:29:19,UTC+02:00,2024-05-04 22:57:27,2024-05-05 08:57:47,74,14.5,462,600,256,94,112,138,621,127,77,61,false
2024-05-04 00:22:15,2024-05-04 22:57:27,UTC+02:00,2024-05-04 00:22:15,2024-05-04 07:03:07,57,14.1,362,400,139,72,151,38,641,127,90,73,false
2024-05-02 23:41:52,2024-05-04 00:22:15,UTC+02:00,2024-05-02 23:41:52,2024-05-03 04:57:39,52,15.1,296,312,126,71,99,16,565,85,96,81,false
2024-05-01 22:11:31,2024-05-02 23:41:52,UTC+02:00,2024-05-01 22:11:31,2024-05-02 06:22:45,77,15.0,446,491,225,74,147,45,578,110,90,71,false
2024-04-30 23:26:06,2024-05-01 22:11:31,UTC+02:00,2024-04-30 23:26:06,2024-05-01 07:31:05,72,15.0,450,484,204,66,180,34,622,127,92,80,false
2024-04-30 00:05:03,2024-04-30 23:26:06,UTC+02:00,2024-04-30 00:05:03,2024-04-30 06:35:23,58,15.1,353,390,158,74,121,37,611,127,91,85,false
2024-04-29 00:28:15,2024-04-30 00:05:03,UTC+02:00,2024-04-29 00:28:15,2024-04-29 06:48:56,56,14.6,353,380,202,58,93,27,630,127,92,77,false
2024-04-28 00:42:30,2024-04-29 00:28:15,UTC+02:00,2024-04-28 00:42:30,2024-04-28 07:58:56,64,14.5,388,434,218,62,108,46,603,127,91,70,false
2024-04-27 00:30:48,2024-04-28 00:42:30,UTC+02:00,2024-04-27 00:30:48,2024-04-27 06:52:56,57,14.4,363,382,198,50,115,19,635,127,95,75,false
2024-04-25 22:59:05,2024-04-27 00:30:48,UTC+02:00,2024-04-25 22:59:05,2024-04-26 04:54:47,55,15.1,339,355,129,95,115,16,614,122,95,91,false
2024-04-24 23:58:39,2024-04-25 22:59:05,UTC+02:00,2024-04-24 23:58:39,2024-04-25 06:40:57,61,14.2,374,396,164,56,154,22,619,127,95,86,false
2024-04-23 23:00:19,2024-04-24 23:58:39,UTC+02:00,2024-04-23 23:00:19,2024-04-24 06:43:40,67,14.5,407,463,134,122,151,56,608,122,87,90,false
2024-04-22 22:56:32,2024-04-23 23:00:19,UTC+02:00,2024-04-22 22:56:32,2024-04-23 06:50:57,69,13.9,421,474,195,87,139,53,612,107,89,86,false
2024-04-21 23:32:58,2024-04-22 22:56:32,UTC+02:00,2024-04-21 23:32:58,2024-04-22 07:22:05,73,13.7,443,467,148,89,206,24,610,113,95,88,false
2024-04-21 00:12:15,2024-04-21 23:32:58,UTC+02:00,2024-04-21 00:12:15,2024-04-21 07:10:54,63,14.2,384,418,193,71,120,34,611,121,91,85,false
2024-04-19 23:21:25,2024-04-21 00:12:15,UTC+02:00,2024-04-19 23:21:25,2024-04-20 06:55:10,69,13.7,419,453,89,107,223,34,608,123,93,88,false
2024-04-18 22:40:04,2024-04-19 23:21:25,UTC+02:00,2024-04-18 22:40:04,2024-04-19 06:39:45,69,14.1,419,475,152,94,173,56,610,120,88,80,false
2024-04-18 00:04:24,2024-04-18 22:40:04,UTC+02:00,2024-04-18 00:04:24,2024-04-18 07:02:34,62,13.8,387,418,86,94,207,31,628,127,92,87,false
2024-04-17 00:27:04,2024-04-18 00:04:24,UTC+02:00,2024-04-17 00:27:04,2024-04-17 06:24:41,53,14.8,320,357,148,79,93,37,607,122,90,82,false
2024-04-15 23:11:48,2024-04-17 00:27:04,UTC+02:00,2024-04-15 23:11:48,2024-04-16 06:48:54,68,14.6,398,457,238,87,73,59,589,113,87,91,false
2024-04-14 23:35:52,2024-04-15 23:11:48,UTC+02:00,2024-04-14 23:35:52,2024-04-15 06:52:47,69,14.0,400,436,241,48,111,36,577,87,92,81,false
2024-04-13 23:08:25,2024-04-14 23:35:52,UTC+02:00,2024-04-13 23:08:25,2024-04-14 07:28:22,77,13.9,454,499,198,99,157,45,590,109,90,80,false
2024-04-12 22:50:55,2024-04-13 23:08:25,UTC+02:00,2024-04-12 22:50:55,2024-04-13 06:57:50,73,14.0,449,486,159,91,199,37,619,127,92,78,false
2024-04-11 23:05:44,2024-04-12 22:50:55,UTC+02:00,2024-04-11 23:05:44,2024-04-12 04:51:48,51,14.4,320,346,198,47,75,26,624,127,92,84,false
2024-04-11 00:39:58,2024-04-11 23:05:44,UTC+02:00,2024-04-11 00:39:58,2024-04-11 06:41:26,53,14.0,306,361,133,58,115,55,573,105,85,82,false
2024-04-09 22:40:54,2024-04-11 00:39:58,UTC+02:00,2024-04-09 22:40:54,2024-04-10 06:42:31,72,14.7,424,481,166,124,134,57,588,127,88,78,false
2024-04-09 00:26:07,2024-04-09 22:40:54,UTC+02:00,2024-04-09 00:26:07,2024-04-09 06:23:44,54,13.9,313,355,144,39,130,42,580,115,88,81,false
2024-04-08 00:03:21,2024-04-09 00:26:07,UTC+02:00,2024-04-08 00:03:21,2024-04-08 06:38:56,60,14.8,342,386,156,86,100,44,572,100,92,85,false
2024-04-06 23:15:56,2024-04-08 00:03:21,UTC+02:00,2024-04-06 23:15:56,2024-04-07 07:38:42,73,14.1,414,500,171,80,163,86,570,87,83,84,false
2024-04-05 22:58:01,2024-04-06 23:15:56,UTC+02:00,2024-04-05 22:58:01,2024-04-06 07:15:01,77,14.7,457,494,190,88,179,37,592,108,92,80,false
2024-04-05 00:44:34,2024-04-05 22:58:01,UTC+02:00,2024-04-05 00:44:34,2024-04-05 07:11:29,62,14.3,360,386,144,69,147,26,577,88,93,84,false
2024-04-04 00:07:51,2024-04-05 00:44:34,UTC+02:00,2024-04-04 00:07:51,2024-04-04 07:15:09,69,14.4,392,425,162,71,159,33,569,93,92,85,false
2024-04-02 23:51:35,2024-04-04 00:07:51,UTC+02:00,2024-04-02 23:51:35,2024-04-03 06:49:46,67,14.2,378,418,275,49,54,40,565,77,91,91,false
2024-04-02 00:10:04,2024-04-02 23:51:35,UTC+02:00,2024-04-02 00:10:04,2024-04-02 07:57:44,78,14.5,424,463,256,71,97,39,544,78,91,87,false
2024-04-01 00:12:47,2024-04-02 00:10:04,UTC+02:00,2024-04-01 00:12:47,2024-04-01 08:03:49,78,15.3,421,471,203,85,133,50,542,68,89,81,false
2024-03-30 22:41:30,2024-03-31 23:12:47,UTC+01:00,2024-03-30 22:41:30,2024-03-31 07:19:39,81,14.3,448,518,200,82,166,70,554,60,86,73,false
2024-03-29 23:24:41,2024-03-30 22:41:30,UTC+01:00,2024-03-29 23:24:41,2024-03-30 07:17:39,82,13.9,424,470,256,47,121,46,519,127,90,64,false
2024-03-29 02:04:46,2024-03-29 23:24:41,UTC+01:00,2024-03-29 18:48:18,2024-03-29 20:16:45,15,,88,88,88,0,0,0,606,127,100,,true
2024-03-29 02:04:46,2024-03-29 23:24:41,UTC+01:00,2024-03-29 02:04:46,2024-03-29 06:50:45,45,14.5,264,285,115,49,100,21,586,106,93,66,false
2024-03-27 22:54:45,2024-03-29 02:04:46,UTC+01:00,2024-03-27 22:54:45,2024-03-28 06:54:55,73,14.9,438,475,208,88,142,37,603,127,92,85,false
2024-03-26 23:17:30,2024-03-27 22:54:45,UTC+01:00,2024-03-26 23:17:30,2024-03-27 06:36:20,66,14.7,401,438,147,76,178,37,610,127,91,87,false
2024-03-25 23:50:57,2024-03-26 23:17:30,UTC+01:00,2024-03-25 23:50:57,2024-03-26 06:22:41,59,15.3,361,391,142,117,102,30,615,127,92,90,false
2024-03-25 00:09:42,2024-03-25 23:50:57,UTC+01:00,2024-03-25 00:09:42,2024-03-25 06:29:57,57,14.8,345,378,121,95,129,33,604,120,92,90,false
2024-03-24 00:22:46,2024-03-25 00:09:42,UTC+01:00,2024-03-24 00:22:46,2024-03-24 06:59:18,60,14.1,355,396,124,81,150,41,596,112,90,84,false
2024-03-22 23:23:07,2024-03-24 00:22:46,UTC+01:00,2024-03-22 23:23:07,2024-03-23 07:08:23,71,14.7,432,465,225,65,142,33,608,119,93,87,false
2024-03-22 00:00:24,2024-03-22 23:23:07,UTC+01:00,2024-03-22 00:00:24,2024-03-22 06:23:00,60,14.5,359,381,204,66,89,22,598,116,94,86,false
2024-03-20 23:06:21,2024-03-22 00:00:24,UTC+01:00,2024-03-20 23:06:21,2024-03-21 06:42:29,69,14.5,402,456,166,83,153,54,584,104,89,88,false
2024-03-19 23:14:04,2024-03-20 23:06:21,UTC+01:00,2024-03-19 23:14:04,2024-03-20 06:17:32,65,14.6,390,422,112,92,186,32,599,111,93,86,false
2024-03-19 00:08:57,2024-03-19 23:14:04,UTC+01:00,2024-03-19 00:08:57,2024-03-19 07:03:17,61,15.5,344,414,147,93,104,70,567,77,84,76,false
2024-03-17 22:47:25,2024-03-19 00:08:57,UTC+01:00,2024-03-17 22:47:25,2024-03-18 06:36:32,78,14.9,429,469,271,53,105,40,550,83,91,79,false
2024-03-16 23:22:42,2024-03-17 22:47:25,UTC+01:00,2024-03-16 23:22:42,2024-03-17 07:36:49,78,14.7,445,494,168,88,189,49,574,82,93,73,false
2024-03-15 21:42:52,2024-03-16 23:22:42,UTC+01:00,2024-03-15 21:42:52,2024-03-16 07:00:55,80,15.1,509,557,311,75,123,48,638,127,91,69,false
2024-03-14 22:46:37,2024-03-15 21:42:52,UTC+01:00,2024-03-14 22:46:37,2024-03-15 05:00:05,57,15.6,345,373,182,66,97,28,604,113,93,82,false
2024-03-14 00:04:34,2024-03-14 22:46:37,UTC+01:00,2024-03-14 00:04:34,2024-03-14 06:53:07,62,14.8,372,404,148,45,179,32,599,116,94,91,false
2024-03-13 00:05:29,2024-03-14 00:04:34,UTC+01:00,2024-03-13 00:05:29,2024-03-13 06:34:49,60,14.4,341,389,98,75,168,48,574,101,88,87,false
2024-03-11 23:37:23,2024-03-13 00:05:29,UTC+01:00,2024-03-11 23:37:23,2024-03-12 07:06:19,72,15.3,415,448,204,72,139,33,573,92,93,86,false
2024-03-10 23:45:36,2024-03-11 23:37:23,UTC+01:00,2024-03-10 23:45:36,2024-03-11 06:41:22,68,15.1,383,415,136,101,146,32,567,90,92,78,false
2024-03-09 22:46:17,2024-03-10 23:45:36,UTC+01:00,2024-03-09 22:46:17,2024-03-10 07:22:02,77,14.9,472,515,278,95,99,43,613,119,91,86,false
2024-03-08 22:46:39,2024-03-09 22:46:17,UTC+01:00,2024-03-08 22:46:39,2024-03-09 07:19:31,71,15.4,448,512,229,100,119,64,634,127,87,80,false
2024-03-07 22:33:43,2024-03-08 22:46:39,UTC+01:00,2024-03-07 22:33:43,2024-03-08 04:59:41,56,15.7,325,385,154,81,90,60,580,96,85,89,false
2024-03-06 22:24:55,2024-03-07 22:33:43,UTC+01:00,2024-03-06 22:24:55,2024-03-07 06:29:53,74,15.2,422,484,271,40,111,62,572,89,89,82,false
2024-03-05 22:43:26,2024-03-06 22:24:55,UTC+01:00,2024-03-05 22:43:26,2024-03-06 06:39:17,76,15.1,439,475,290,76,73,36,579,93,92,82,false
2024-03-05 00:00:34,2024-03-05 22:43:26,UTC+01:00,2024-03-05 00:00:34,2024-03-05 07:04:30,67,14.6,383,423,180,72,131,40,570,90,90,83,false
2024-03-03 23:21:43,2024-03-05 00:00:34,UTC+01:00,2024-03-03 23:21:43,2024-03-04 06:47:46,75,15.0,429,446,207,56,166,17,569,95,96,80,false
2024-03-02 23:54:01,2024-03-03 23:21:43,UTC+01:00,2024-03-02 23:54:01,2024-03-03 07:55:09,75,14.5,448,481,156,106,186,33,597,105,93,73,false
2024-03-01 23:06:19,2024-03-02 23:54:01,UTC+01:00,2024-03-01 23:06:19,2024-03-02 07:26:41,73,14.3,442,500,179,92,171,58,606,113,88,78,false
2024-02-29 22:37:44,2024-03-01 23:06:19,UTC+01:00,2024-02-29 22:37:44,2024-03-01 04:59:51,61,14.3,356,374,216,38,102,18,582,91,94,83,false
2024-02-28 23:18:18,2024-02-29 22:37:44,UTC+01:00,2024-02-28 23:18:18,2024-02-29 06:11:11,67,14.1,375,412,146,105,124,37,559,84,92,91,false
2024-02-27 23:16:58,2024-02-28 23:18:18,UTC+01:00,2024-02-27 23:16:58,2024-02-28 07:09:55,71,14.6,411,472,242,78,91,61,580,71,88,88,false
2024-02-26 22:28:25,2024-02-27 23:16:58,UTC+01:00,2024-02-26 22:28:25,2024-02-27 06:39:39,80,14.2,455,491,182,88,185,36,567,87,93,84,false
2024-02-25 23:02:49,2024-02-26 22:28:25,UTC+01:00,2024-02-25 23:02:49,2024-02-26 07:01:33,70,14.4,408,478,226,83,99,70,583,93,86,83,false
2024-02-24 23:37:27,2024-02-25 23:02:49,UTC+01:00,2024-02-24 23:37:27,2024-02-25 07:44:21,75,14.0,426,484,158,96,172,58,572,97,88,86,false
2024-02-23 23:30:41,2024-02-24 23:37:27,UTC+01:00,2024-02-23 23:30:41,2024-02-24 06:58:39,73,14.1,407,447,139,104,164,40,558,77,91,87,false
2024-02-22 23:42:29,2024-02-23 23:30:41,UTC+01:00,2024-02-22 23:42:29,2024-02-23 07:15:16,72,14.5,397,452,225,64,108,55,552,71,87,81,false
2024-02-21 23:33:08,2024-02-22 23:42:29,UTC+01:00,2024-02-21 23:33:08,2024-02-22 06:23:37,77,14.6,370,410,152,81,137,40,481,75,90,79,false
2024-02-20 23:35:13,2024-02-21 23:33:08,UTC+01:00,2024-02-21 14:20:35,2024-02-21 15:28:50,12,15.4,63,67,31,12,20,4,543,75,97,,true
2024-02-20 23:35:13,2024-02-21 23:33:08,UTC+01:00,2024-02-20 23:35:13,2024-02-21 06:58:52,77,14.0,403,443,175,61,167,40,521,54,90,83,false
2024-02-19 23:25:34,2024-02-20 23:35:13,UTC+01:00,2024-02-19 23:25:34,2024-02-20 07:22:23,82,14.6,391,476,173,93,125,85,476,97,82,70,false
2024-02-19 00:12:08,2024-02-19 23:25:34,UTC+01:00,2024-02-19 13:23:48,2024-02-19 15:06:10,16,16.3,90,102,70,20,0,12,562,97,90,,true
2024-02-19 00:12:08,2024-02-19 23:25:34,UTC+01:00,2024-02-19 00:12:08,2024-02-19 07:04:05,65,16.2,369,411,173,57,139,42,564,87,89,77,false
2024-02-17 23:19:39,2024-02-19 00:12:08,UTC+01:00,2024-02-17 23:19:39,2024-02-18 07:58:17,77,14.6,456,518,267,74,115,62,592,109,88,82,false
2024-02-16 23:03:09,2024-02-17 23:19:39,UTC+01:00,2024-02-16 23:03:09,2024-02-17 07:16:47,71,16.8,421,493,194,96,131,72,592,107,85,84,false
2024-02-15 23:15:53,2024-02-16 23:03:09,UTC+01:00,2024-02-15 23:15:53,2024-02-16 06:07:24,63,15.6,363,406,186,77,100,43,577,89,89,88,false
2024-02-14 23:56:34,2024-02-15 23:15:53,UTC+01:00,2024-02-14 23:56:34,2024-02-15 06:53:18,68,14.5,387,416,195,59,133,29,567,88,93,88,false
2024-02-13 22:56:36,2024-02-14 23:56:34,UTC+01:00,2024-02-13 22:56:36,2024-02-14 06:16:53,70,14.2,404,440,97,109,198,36,581,94,91,80,false
2024-02-12 23:56:58,2024-02-13 22:56:36,UTC+01:00,2024-02-12 23:56:58,2024-02-13 06:41:41,67,14.2,378,403,174,73,131,25,567,84,94,90,false
2024-02-12 00:10:21,2024-02-12 23:56:58,UTC+01:00,2024-02-12 00:10:21,2024-02-12 06:50:01,69,14.6,372,399,205,63,104,27,542,77,93,90,false
2024-02-11 00:10:08,2024-02-12 00:10:21,UTC+01:00,2024-02-11 00:10:08,2024-02-11 07:08:47,71,14.8,383,409,158,77,148,26,538,63,93,83,false
2024-02-10 00:09:21,2024-02-11 00:10:08,UTC+01:00,2024-02-10 00:09:21,2024-02-10 08:11:56,82,14.0,461,482,205,75,181,21,560,95,95,79,false
2024-02-08 23:50:17,2024-02-10 00:09:21,UTC+01:00,2024-02-08 23:50:17,2024-02-09 06:43:39,67,13.9,384,413,142,88,154,29,575,89,93,83,false
2024-02-07 23:30:27,2024-02-08 23:50:17,UTC+01:00,2024-02-07 23:30:27,2024-02-08 07:24:17,76,14.1,439,473,190,81,168,34,579,94,93,79,false
2024-02-07 00:15:22,2024-02-07 23:30:27,UTC+01:00,2024-02-07 00:15:22,2024-02-07 06:23:33,64,14.0,331,359,134,77,120,28,519,23,93,76,false
2024-02-05 22:36:51,2024-02-07 00:15:22,UTC+01:00,2024-02-05 22:36:51,2024-02-06 06:59:37,93,14.2,456,502,205,99,152,46,491,17,91,81,false
2024-02-04 23:08:45,2024-02-05 22:36:51,UTC+01:00,2024-02-04 23:08:45,2024-02-05 06:56:54,94,14.9,434,459,196,94,144,25,461,89,95,68,false
2024-02-03 22:11:33,2024-02-04 23:08:45,UTC+01:00,2024-02-04 18:52:13,2024-02-04 20:42:45,19,,107,110,107,0,0,3,568,89,96,,true
2024-02-03 22:11:33,2024-02-04 23:08:45,UTC+01:00,2024-02-03 22:11:33,2024-02-04 06:56:25,77,14.1,465,522,240,66,159,57,604,127,89,76,false
2024-02-03 00:01:16,2024-02-03 22:11:33,UTC+01:00,2024-02-03 00:01:16,2024-02-03 06:52:14,58,14.5,377,410,107,127,143,33,646,122,91,86,false
2024-02-01 23:08:40,2024-02-03 00:01:16,UTC+01:00,2024-02-01 23:08:40,2024-02-02 05:39:55,59,14.3,351,391,154,75,122,40,596,105,90,88,false
2024-01-31 23:50:31,2024-02-01 23:08:40,UTC+01:00,2024-01-31 23:50:31,2024-02-01 06:52:04,66,14.5,401,418,155,77,169,17,611,122,96,90,false
2024-01-31 00:37:03,2024-01-31 23:50:31,UTC+01:00,2024-01-31 00:37:03,2024-01-31 06:43:47,58,14.6,340,366,145,62,133,26,586,110,92,85,false
2024-01-29 23:11:55,2024-01-31 00:37:03,UTC+01:00,2024-01-29 23:11:55,2024-01-30 06:54:48,72,14.2,432,462,268,50,114,30,604,120,94,88,false
2024-01-28 23:51:01,2024-01-29 23:11:55,UTC+01:00,2024-01-28 23:51:01,2024-01-29 06:56:24,59,13.9,354,425,147,78,129,71,595,90,83,90,false
2024-01-28 00:13:17,2024-01-28 23:51:01,UTC+01:00,2024-01-28 00:13:17,2024-01-28 07:18:11,68,14.1,392,424,125,96,171,32,574,103,92,86,false
2024-01-26 23:22:05,2024-01-28 00:13:17,UTC+01:00,2024-01-26 23:22:05,2024-01-27 07:26:36,73,15.1,434,484,149,111,174,50,596,110,90,86,false
2024-01-25 23:11:21,2024-01-26 23:22:05,UTC+01:00,2024-01-25 23:11:21,2024-01-26 06:37:02,63,14.5,371,445,168,74,129,73,592,111,83,83,false
2024-01-25 00:23:39,2024-01-25 23:11:21,UTC+01:00,2024-01-25 00:23:39,2024-01-25 07:17:11,62,13.8,366,413,212,57,97,23,589,99,89,81,false
2024-01-23 23:36:51,2024-01-25 00:23:39,UTC+01:00,2024-01-23 23:36:51,2024-01-24 06:48:29,66,14.4,381,431,146,104,131,50,579,107,88,83,false
2024-01-22 23:58:02,2024-01-23 23:36:51,UTC+01:00,2024-01-22 23:58:02,2024-01-23 06:24:00,61,14.0,339,385,186,87,66,46,554,72,90,79,false
2024-01-21 23:52:06,2024-01-22 23:58:02,UTC+01:00,2024-01-21 23:52:06,2024-01-22 06:42:35,77,13.9,372,410,198,69,105,38,484,8,90,78,false
2024-01-20 21:04:42,2024-01-21 23:52:06,UTC+01:00,2024-01-20 21:04:42,2024-01-21 07:50:35,98,14.1,568,645,200,130,238,77,582,99,88,63,false
2024-01-19 23:54:23,2024-01-20 21:04:42,UTC+01:00,2024-01-19 23:54:23,2024-01-20 07:41:43,67,15.0,402,467,180,95,127,65,602,114,86,86,false
2024-01-18 23:24:02,2024-01-19 23:54:23,UTC+01:00,2024-01-18 23:24:02,2024-01-19 06:42:58,62,14.0,374,435,178,75,121,61,603,110,86,88,false
2024-01-18 00:14:40,2024-01-18 23:24:02,UTC+01:00,2024-01-18 00:14:40,2024-01-18 07:10:51,62,14.0,363,416,131,80,152,53,585,108,87,88,false
2024-01-16 23:48:03,2024-01-18 00:14:40,UTC+01:00,2024-01-16 23:48:03,2024-01-17 06:42:24,62,15.1,349,414,129,74,146,55,567,87,84,90,false
2024-01-15 23:43:47,2024-01-16 23:48:03,UTC+01:00,2024-01-15 23:43:47,2024-01-16 06:54:27,69,14.8,393,430,177,91,125,37,568,93,92,86,false
2024-01-15 00:07:02,2024-01-15 23:43:47,UTC+01:00,2024-01-15 00:07:02,2024-01-15 06:48:23,67,14.8,372,397,186,77,109,25,558,78,93,87,false
2024-01-13 22:54:00,2024-01-15 00:07:02,UTC+01:00,2024-01-13 22:54:00,2024-01-14 07:36:00,79,14.8,466,521,244,104,118,55,589,93,89,85,false
2024-01-13 00:17:06,2024-01-13 22:54:00,UTC+01:00,2024-01-13 00:17:06,2024-01-13 07:29:00,73,15.0,391,431,214,66,111,40,537,70,91,85,false
2024-01-11 23:34:46,2024-01-13 00:17:06,UTC+01:00,2024-01-11 23:34:46,2024-01-12 07:24:12,81,14.9,450,467,219,97,134,17,559,82,96,89,false
2024-01-10 23:17:09,2024-01-11 23:34:46,UTC+01:00,2024-01-10 23:17:09,2024-01-11 06:46:05,70,14.8,386,448,149,86,151,62,552,84,86,90,false
2024-01-09 23:44:29,2024-01-10 23:17:09,UTC+01:00,2024-01-09 23:44:29,2024-01-10 06:55:59,70,15.7,397,431,234,81,82,34,567,88,95,89,false
2024-01-08 23:40:19,2024-01-09 23:44:29,UTC+01:00,2024-01-08 23:40:19,2024-01-09 06:42:20,68,14.8,380,419,141,98,141,39,558,80,94,84,false
2024-01-07 23:32:09,2024-01-08 23:40:19,UTC+01:00,2024-01-07 23:32:09,2024-01-08 06:52:15,71,14.8,394,440,218,73,103,46,555,75,91,86,false
2024-01-06 23:39:10,2024-01-07 23:32:09,UTC+01:00,2024-01-06 23:39:10,2024-01-07 08:13:57,79,15.2,448,511,144,114,190,63,566,102,88,84,false
2024-01-06 01:03:27,2024-01-06 23:39:10,UTC+01:00,2024-01-06 01:03:27,2024-01-06 07:30:23,63,14.8,347,380,127,98,122,33,552,87,91,76,false
2024-01-04 23:20:14,2024-01-06 01:03:27,UTC+01:00,2024-01-04 23:20:14,2024-01-05 07:26:47,76,14.6,424,486,246,70,108,62,560,79,87,88,false
2024-01-03 23:47:57,2024-01-04 23:20:14,UTC+01:00,2024-01-03 23:47:57,2024-01-04 08:04:37,79,15.1,456,491,262,81,113,35,579,105,92,87,false
2024-01-03 00:20:51,2024-01-03 23:47:57,UTC+01:00,2024-01-03 00:20:51,2024-01-03 07:58:31,69,14.5,372,452,161,77,134,80,536,67,83,85,false
2024-01-01 23:22:41,2024-01-03 00:20:51,UTC+01:00,2024-01-01 23:22:41,2024-01-02 08:11:25,82,14.7,475,528,320,82,73,53,581,114,92,72,false
2024-01-01 00:53:46,2024-01-01 23:22:41,UTC+01:00,2024-01-01 00:53:46,2024-01-01 08:53:28,70,15.0,413,479,267,65,81,66,591,127,87,80,false
2023-12-31 00:34:12,2024-01-01 00:53:46,UTC+01:00,2023-12-31 00:34:12,2023-12-31 07:30:27,63,14.7,379,416,172,91,116,37,598,125,91,77,false
2023-12-30 01:01:15,2023-12-31 00:34:12,UTC+01:00,2023-12-30 01:01:15,2023-12-30 08:35:54,66,14.0,372,454,199,92,81,82,568,102,82,73,false
2023-12-29 01:08:20,2023-12-30 01:01:15,UTC+01:00,2023-12-29 01:08:20,2023-12-29 07:37:13,70,15.1,365,388,130,85,150,23,524,127,94,65,false
2023-12-28 00:04:06,2023-12-29 01:08:20,UTC+01:00,2023-12-28 14:57:08,2023-12-28 16:28:57,11,15.6,67,91,55,12,0,24,591,127,73,,true
2023-12-28 00:04:06,2023-12-29 01:08:20,UTC+01:00,2023-12-28 00:04:06,2023-12-28 06:50:15,63,15.0,367,406,177,84,106,39,583,120,91,86,false
2023-12-27 00:25:49,2023-12-28 00:04:06,UTC+01:00,2023-12-27 00:25:49,2023-12-27 08:04:06,67,14.7,378,456,123,89,166,78,566,104,82,84,false
2023-12-25 23:25:33,2023-12-27 00:25:49,UTC+01:00,2023-12-25 23:25:33,2023-12-26 07:42:04,73,15.4,429,496,145,108,176,67,591,124,86,71,false
2023-12-25 01:03:46,2023-12-25 23:25:33,UTC+01:00,2023-12-25 01:03:46,2023-12-25 08:05:48,59,14.9,352,418,188,100,64,66,601,127,84,74,false
2023-12-24 02:02:54,2023-12-25 01:03:46,UTC+01:00,2023-12-24 02:02:54,2023-12-24 07:32:17,41,14.3,244,329,42,86,116,85,599,127,76,65,false
2023-12-23 01:01:56,2023-12-24 02:02:54,UTC+01:00,2023-12-23 01:01:56,2023-12-23 07:01:59,52,14.3,298,360,105,76,117,62,575,107,83,71,false
2023-12-21 22:49:05,2023-12-23 01:01:56,UTC+01:00,2023-12-21 22:49:05,2023-12-22 06:39:06,72,15.6,434,464,157,101,176,30,601,127,93,74,false
2023-12-20 23:26:27,2023-12-21 22:49:05,UTC+01:00,2023-12-20 23:26:27,2023-12-21 04:35:00,48,15.2,289,308,132,67,90,19,605,127,93,85,false
2023-12-20 00:36:24,2023-12-20 23:26:27,UTC+01:00,2023-12-20 00:36:24,2023-12-20 06:46:02,56,14.7,325,369,113,80,132,44,579,98,88,84,false
2023-12-19 00:06:30,2023-12-20 00:36:24,UTC+01:00,2023-12-19 00:06:30,2023-12-19 06:51:42,65,15.4,371,401,143,94,134,30,569,96,92,82,false
2023-12-18 00:14:38,2023-12-19 00:06:30,UTC+01:00,2023-12-18 00:14:38,2023-12-18 06:33:36,64,15.1,337,374,140,77,120,36,530,43,90,68,false
2023-12-16 22:55:17,2023-12-18 00:14:38,UTC+01:00,2023-12-16 22:55:17,2023-12-17 07:46:54,88,15.1,510,530,247,93,170,20,578,100,96,74,false
2023-12-15 22:15:22,2023-12-16 22:55:17,UTC+01:00,2023-12-15 22:15:22,2023-12-16 06:33:48,74,15.4,453,498,205,92,156,45,610,127,91,82,false
2023-12-14 22:17:36,2023-12-15 22:15:22,UTC+01:00,2023-12-14 22:17:36,2023-12-15 06:38:27,66,14.8,417,500,259,79,79,83,636,127,83,73,false
2023-12-14 00:19:33,2023-12-14 22:17:36,UTC+01:00,2023-12-14 00:19:33,2023-12-14 05:12:28,44,15.9,264,290,107,79,78,26,594,118,91,86,false
2023-12-12 23:29:05,2023-12-14 00:19:33,UTC+01:00,2023-12-12 23:29:05,2023-12-13 06:20:53,61,15.0,378,410,191,84,103,32,615,127,92,83,false
2023-12-11 23:21:01,2023-12-12 23:29:05,UTC+01:00,2023-12-11 23:21:01,2023-12-12 06:23:30,66,15.1,392,422,162,54,176,30,591,117,92,72,false
2023-12-11 00:04:07,2023-12-11 23:21:01,UTC+01:00,2023-12-11 00:04:07,2023-12-11 06:24:18,61,14.7,371,380,215,82,74,9,605,127,97,81,false
2023-12-10 02:10:03,2023-12-11 00:04:07,UTC+01:00,2023-12-10 02:10:03,2023-12-10 07:06:48,40,14.4,232,294,94,46,92,62,582,104,80,72,false
2023-12-09 00:18:20,2023-12-10 02:10:03,UTC+01:00,2023-12-09 00:18:20,2023-12-09 07:19:34,64,14.6,365,421,159,70,136,56,574,93,86,78,false
2023-12-08 00:54:03,2023-12-09 00:18:20,UTC+01:00,2023-12-08 00:54:03,2023-12-08 08:11:56,69,14.2,408,437,216,82,110,29,595,107,93,68,false
2023-12-06 23:25:41,2023-12-08 00:54:03,UTC+01:00,2023-12-06 23:25:41,2023-12-07 07:02:18,72,13.9,421,456,218,79,124,35,588,102,92,86,false
2023-12-05 23:13:17,2023-12-06 23:25:41,UTC+01:00,2023-12-05 23:13:17,2023-12-06 06:56:10,73,14.4,425,462,209,105,111,37,585,91,92,80,false
2023-12-05 00:23:51,2023-12-05 23:13:17,UTC+01:00,2023-12-05 00:23:51,2023-12-05 06:48:08,65,14.4,345,384,113,104,128,39,527,44,89,76,false
2023-12-03 20:58:02,2023-12-05 00:23:51,UTC+01:00,2023-12-03 20:58:02,2023-12-04 07:08:56,88,14.3,495,610,225,107,163,115,565,82,81,66,false
2023-12-02 22:55:12,2023-12-03 20:58:02,UTC+01:00,2023-12-02 22:55:12,2023-12-03 07:26:41,78,14.4,466,511,190,99,177,45,594,122,91,80,false
2023-12-02 00:28:30,2023-12-02 22:55:12,UTC+01:00,2023-12-02 00:28:30,2023-12-02 07:00:43,58,14.4,337,392,111,105,121,55,583,108,88,91,false
2023-11-30 23:59:25,2023-12-02 00:28:30,UTC+01:00,2023-11-30 23:59:25,2023-12-01 06:56:09,63,14.5,372,416,97,97,178,44,589,108,90,93,false
2023-11-30 00:09:25,2023-11-30 23:59:25,UTC+01:00,2023-11-30 00:09:25,2023-11-30 07:13:47,64,14.5,390,424,112,85,193,32,607,122,94,89,false
2023-11-28 23:48:17,2023-11-30 00:09:25,UTC+01:00,2023-11-28 23:48:17,2023-11-29 07:21:26,68,14.9,402,452,187,102,113,50,593,107,89,88,false
2023-11-27 23:35:53,2023-11-28 23:48:17,UTC+01:00,2023-11-27 23:35:53,2023-11-28 06:59:42,71,14.9,411,440,215,99,97,29,577,95,95,86,false
2023-11-26 22:43:14,2023-11-27 23:35:53,UTC+01:00,2023-11-26 22:43:14,2023-11-27 07:00:43,76,14.5,469,496,91,136,242,27,618,123,94,76,false
2023-11-26 00:30:06,2023-11-26 22:43:14,UTC+01:00,2023-11-26 00:30:06,2023-11-26 07:25:23,61,14.4,380,409,198,68,114,29,627,127,92,80,false
2023-11-25 00:00:24,2023-11-26 00:30:06,UTC+01:00,2023-11-25 00:00:24,2023-11-25 06:23:31,56,15.1,348,379,163,74,111,31,626,111,94,87,false
2023-11-24 00:12:50,2023-11-25 00:00:24,UTC+01:00,2023-11-24 00:12:50,2023-11-24 06:35:57,60,14.9,339,383,140,80,119,44,562,83,91,83,false
2023-11-22 22:35:31,2023-11-24 00:12:50,UTC+01:00,2023-11-22 22:35:31,2023-11-23 07:00:42,79,15.3,481,505,155,147,179,24,610,117,95,84,false
2023-11-21 23:03:52,2023-11-22 22:35:31,UTC+01:00,2023-11-21 23:03:52,2023-11-22 06:33:10,70,14.8,419,449,138,92,189,30,601,108,95,86,false
2023-11-20 23:51:46,2023-11-21 23:03:52,UTC+01:00,2023-11-20 23:51:46,2023-11-21 06:51:23,64,14.4,384,418,139,101,144,34,600,111,95,93,false
2023-11-19 23:42:50,2023-11-20 23:51:46,UTC+01:00,2023-11-19 23:42:50,2023-11-20 07:15:08,71,14.3,415,452,156,107,152,37,588,104,91,88,false
2023-11-18 23:41:22,2023-11-19 23:42:50,UTC+01:00,2023-11-18 23:41:22,2023-11-19 07:20:23,66,14.6,412,459,213,83,116,47,621,105,90,80,false
2023-11-18 00:09:24,2023-11-18 23:41:22,UTC+01:00,2023-11-18 00:09:24,2023-11-18 07:19:35,65,14.8,395,430,139,98,158,35,605,91,95,66,false
2023-11-16 22:12:53,2023-11-18 00:09:24,UTC+01:00,2023-11-16 22:12:53,2023-11-17 06:42:23,76,14.6,449,506,189,100,160,57,592,79,88,,false
2023-11-15 22:38:47,2023-11-16 22:12:53,UTC+01:00,2023-11-15 22:38:47,2023-11-16 05:10:02,68,14.5,341,391,158,90,93,50,500,0,89,,false
